Key,Remarks,id,type,emailTitle,sort,goToType,count,giftId,title,day
110001,,110001,110001,每日充值,1,6,6,8071128,今日充值{0}元,1
110002,,110002,110001,每日充值,2,6,30,8071129,今日充值{0}元,1
110003,,110003,110001,每日充值,3,6,128,8071130,今日充值{0}元,1
110004,,110004,110001,每日充值,4,6,328,8071131,今日充值{0}元,1
110005,,110005,110001,每日充值,5,6,648,8071132,今日充值{0}元,1
110006,,110006,110001,每日充值,1,6,6,8071128,今日充值{0}元,2
110007,,110007,110001,每日充值,2,6,30,8071129,今日充值{0}元,2
110008,,110008,110001,每日充值,3,6,128,8071130,今日充值{0}元,2
110009,,110009,110001,每日充值,4,6,328,8071131,今日充值{0}元,2
110010,,110010,110001,每日充值,5,6,648,8071132,今日充值{0}元,2
110011,,110011,110001,每日充值,1,6,6,8071128,今日充值{0}元,3
110012,,110012,110001,每日充值,2,6,30,8071129,今日充值{0}元,3
110013,,110013,110001,每日充值,3,6,128,8071130,今日充值{0}元,3
110014,,110014,110001,每日充值,4,6,328,8071131,今日充值{0}元,3
110015,,110015,110001,每日充值,5,6,648,8071132,今日充值{0}元,3
110016,,110016,110001,每日充值,1,6,6,8071128,今日充值{0}元,4
110017,,110017,110001,每日充值,2,6,30,8071129,今日充值{0}元,4
110018,,110018,110001,每日充值,3,6,128,8071130,今日充值{0}元,4
110019,,110019,110001,每日充值,4,6,328,8071131,今日充值{0}元,4
110020,,110020,110001,每日充值,5,6,648,8071132,今日充值{0}元,4
110021,,110021,110001,每日充值,1,6,6,8071128,今日充值{0}元,5
110022,,110022,110001,每日充值,2,6,30,8071129,今日充值{0}元,5
110023,,110023,110001,每日充值,3,6,128,8071130,今日充值{0}元,5
110024,,110024,110001,每日充值,4,6,328,8071131,今日充值{0}元,5
110025,,110025,110001,每日充值,5,6,648,8071132,今日充值{0}元,5
110026,,110026,110001,每日充值,1,6,6,8071128,今日充值{0}元,6
110027,,110027,110001,每日充值,2,6,30,8071129,今日充值{0}元,6
110028,,110028,110001,每日充值,3,6,128,8071130,今日充值{0}元,6
110029,,110029,110001,每日充值,4,6,328,8071131,今日充值{0}元,6
110030,,110030,110001,每日充值,5,6,648,8071132,今日充值{0}元,6
110031,,110031,110001,每日充值,1,6,6,8071128,今日充值{0}元,7
110032,,110032,110001,每日充值,2,6,30,8071129,今日充值{0}元,7
110033,,110033,110001,每日充值,3,6,128,8071130,今日充值{0}元,7
110034,,110034,110001,每日充值,4,6,328,8071131,今日充值{0}元,7
110035,,110035,110001,每日充值,5,6,648,8071132,今日充值{0}元,7
110036,,110036,110002,每日充值,1,6,12,8071128,今日充值{0}元,1
110037,,110037,110002,每日充值,2,6,30,8071129,今日充值{0}元,1
110038,,110038,110002,每日充值,3,6,60,8071130,今日充值{0}元,1
110039,,110039,110002,每日充值,4,6,98,8071131,今日充值{0}元,1
110040,,110040,110002,每日充值,5,6,198,8071132,今日充值{0}元,1
110041,,110041,110002,每日充值,1,6,12,8071128,今日充值{0}元,2
110042,,110042,110002,每日充值,2,6,30,8071129,今日充值{0}元,2
110043,,110043,110002,每日充值,3,6,60,8071130,今日充值{0}元,2
110044,,110044,110002,每日充值,4,6,98,8071131,今日充值{0}元,2
110045,,110045,110002,每日充值,5,6,198,8071132,今日充值{0}元,2
110046,,110046,110002,每日充值,1,6,12,8071128,今日充值{0}元,3
110047,,110047,110002,每日充值,2,6,30,8071129,今日充值{0}元,3
110048,,110048,110002,每日充值,3,6,60,8071130,今日充值{0}元,3
110049,,110049,110002,每日充值,4,6,98,8071131,今日充值{0}元,3
110050,,110050,110002,每日充值,5,6,198,8071132,今日充值{0}元,3
110051,,110051,110002,每日充值,1,6,12,8071128,今日充值{0}元,4
110052,,110052,110002,每日充值,2,6,30,8071129,今日充值{0}元,4
110053,,110053,110002,每日充值,3,6,60,8071130,今日充值{0}元,4
110054,,110054,110002,每日充值,4,6,98,8071131,今日充值{0}元,4
110055,,110055,110002,每日充值,5,6,198,8071132,今日充值{0}元,4
110056,,110056,110002,每日充值,1,6,12,8071128,今日充值{0}元,5
110057,,110057,110002,每日充值,2,6,30,8071129,今日充值{0}元,5
110058,,110058,110002,每日充值,3,6,60,8071130,今日充值{0}元,5
110059,,110059,110002,每日充值,4,6,98,8071131,今日充值{0}元,5
110060,,110060,110002,每日充值,5,6,198,8071132,今日充值{0}元,5
110061,,110061,110002,每日充值,1,6,12,8071128,今日充值{0}元,6
110062,,110062,110002,每日充值,2,6,30,8071129,今日充值{0}元,6
110063,,110063,110002,每日充值,3,6,60,8071130,今日充值{0}元,6
110064,,110064,110002,每日充值,4,6,98,8071131,今日充值{0}元,6
110065,,110065,110002,每日充值,5,6,198,8071132,今日充值{0}元,6
110066,,110066,110002,每日充值,1,6,12,8071128,今日充值{0}元,7
110067,,110067,110002,每日充值,2,6,30,8071129,今日充值{0}元,7
110068,,110068,110002,每日充值,3,6,60,8071130,今日充值{0}元,7
110069,,110069,110002,每日充值,4,6,98,8071131,今日充值{0}元,7
110070,,110070,110002,每日充值,5,6,198,8071132,今日充值{0}元,7
110071,,110071,110002,每日充值,1,6,12,8071128,今日充值{0}元,8
110072,,110072,110002,每日充值,2,6,30,8071129,今日充值{0}元,8
110073,,110073,110002,每日充值,3,6,60,8071130,今日充值{0}元,8
110074,,110074,110002,每日充值,4,6,98,8071131,今日充值{0}元,8
110075,,110075,110002,每日充值,5,6,198,8071132,今日充值{0}元,8
110076,,110076,110003,累计充值,1,6,30,8071133,累计充值{0}元,1
110077,,110077,110003,累计充值,2,6,60,8071134,累计充值{0}元,1
110078,,110078,110003,累计充值,3,6,98,8071135,累计充值{0}元,1
110079,,110079,110003,累计充值,4,6,200,8071136,累计充值{0}元,1
110080,,110080,110003,累计充值,5,6,500,8071137,累计充值{0}元,1
110081,,110081,110003,累计充值,6,6,1000,8071138,累计充值{0}元,1
110082,,110082,110004,每日充值,1,6,12,8071147,今日充值{0}元,1
110083,,110083,110004,每日充值,2,6,30,8071148,今日充值{0}元,1
110084,,110084,110004,每日充值,3,6,60,8071149,今日充值{0}元,1
110085,,110085,110004,每日充值,4,6,98,8071150,今日充值{0}元,1
110086,,110086,110004,每日充值,5,6,198,8071151,今日充值{0}元,1
110087,,110087,110004,每日充值,1,6,12,8071147,今日充值{0}元,2
110088,,110088,110004,每日充值,2,6,30,8071148,今日充值{0}元,2
110089,,110089,110004,每日充值,3,6,60,8071149,今日充值{0}元,2
110090,,110090,110004,每日充值,4,6,98,8071150,今日充值{0}元,2
110091,,110091,110004,每日充值,5,6,198,8071151,今日充值{0}元,2
110092,,110092,110004,每日充值,1,6,12,8071147,今日充值{0}元,3
110093,,110093,110004,每日充值,2,6,30,8071148,今日充值{0}元,3
110094,,110094,110004,每日充值,3,6,60,8071149,今日充值{0}元,3
110095,,110095,110004,每日充值,4,6,98,8071150,今日充值{0}元,3
110096,,110096,110004,每日充值,5,6,198,8071151,今日充值{0}元,3
110097,,110097,110004,每日充值,1,6,12,8071147,今日充值{0}元,4
110098,,110098,110004,每日充值,2,6,30,8071148,今日充值{0}元,4
110099,,110099,110004,每日充值,3,6,60,8071149,今日充值{0}元,4
110100,,110100,110004,每日充值,4,6,98,8071150,今日充值{0}元,4
110101,,110101,110004,每日充值,5,6,198,8071151,今日充值{0}元,4
110102,,110102,110004,每日充值,1,6,12,8071147,今日充值{0}元,5
110103,,110103,110004,每日充值,2,6,30,8071148,今日充值{0}元,5
110104,,110104,110004,每日充值,3,6,60,8071149,今日充值{0}元,5
110105,,110105,110004,每日充值,4,6,98,8071150,今日充值{0}元,5
110106,,110106,110004,每日充值,5,6,198,8071151,今日充值{0}元,5
110107,,110107,110004,每日充值,1,6,12,8071147,今日充值{0}元,6
110108,,110108,110004,每日充值,2,6,30,8071148,今日充值{0}元,6
110109,,110109,110004,每日充值,3,6,60,8071149,今日充值{0}元,6
110110,,110110,110004,每日充值,4,6,98,8071150,今日充值{0}元,6
110111,,110111,110004,每日充值,5,6,198,8071151,今日充值{0}元,6
110112,,110112,110004,每日充值,1,6,12,8071147,今日充值{0}元,7
110113,,110113,110004,每日充值,2,6,30,8071148,今日充值{0}元,7
110114,,110114,110004,每日充值,3,6,60,8071149,今日充值{0}元,7
110115,,110115,110004,每日充值,4,6,98,8071150,今日充值{0}元,7
110116,,110116,110004,每日充值,5,6,198,8071151,今日充值{0}元,7
110117,,110117,110005,累计充值,1,6,100,8071152,累计充值{0}元,1
110118,,110118,110005,累计充值,2,6,200,8071153,累计充值{0}元,1
110119,,110119,110005,累计充值,3,6,300,8071154,累计充值{0}元,1
110120,,110120,110005,累计充值,4,6,500,8071155,累计充值{0}元,1
110121,,110121,110005,累计充值,5,6,1000,8071156,累计充值{0}元,1
110122,,110122,110005,累计充值,6,6,1500,8071157,累计充值{0}元,1
110123,,110123,110005,累计充值,7,6,2000,8071158,累计充值{0}元,1