key,remark,id,title,icon,desc,sortId,quality,preTask,openLevel,superType,finishType,finishParam,reward,achievementPoint,skip,activityCode
1001,,1001,勇往直前,Hero_head/head_DaoXingTianZun,通关普通战役1-2:天尊试炼,1000,1,-1,,1,10,110102,704004_1,5,1_110102,1001
1002,,1002,勇往直前,Hero_head/head_WeiHu,通关普通战役2-1:新的伙伴,999,1,1001,,1,10,110201,704004_1,5,1_110201,1002
1003,,1003,勇往直前,Hero_head/head_AnShiMoShen,通关普通战役2-3:魔王，初战！,998,1,1002,,1,10,110203,704004_1,5,1_110203,1003
1004,,1004,勇往直前,Hero_head/head_ZhengLun,通关普通战役3-2:哼哈二将,997,1,1003,,1,10,110302,704004_1,5,1_110302,1004
1005,,1005,勇往直前,Hero_head/head_LongJiGongZhu,通关普通战役3-4:落单的仙人,996,1,1004,,1,10,110304,704004_1,5,1_110304,1005
1006,,1006,勇往直前,Hero_head/head_CangQiongShouWei,通关普通战役3-6:魔神再临,995,1,1005,,1,10,110306,704004_1,5,1_110306,1006
1007,,1007,勇往直前,Hero_head/head_JinZha,通关普通战役4-2:顽劣之祸,994,1,1006,,1,10,110402,704004_1,5,1_110402,1007
1008,,1008,勇往直前,Hero_head/head_MuZha,通关普通战役4-4:挑拨,993,1,1007,,1,10,110404,704004_1,5,1_110404,1008
1009,,1009,勇往直前,Hero_head/head_LiJing,通关普通战役4-6:父子,992,1,1008,,1,10,110406,704004_1,5,1_110406,1009
1010,,1010,勇往直前,Hero_head/head_XiMeiEr,通关普通战役4-8:幕后,991,1,1009,,1,10,110408,704004_1,5,1_110408,1010
1011,,1011,勇往直前,Hero_head/head_SanTouLongYan,通关普通战役4-10:魔神阴影,990,1,1010,,1,10,110410,704004_1,5,1_110410,1011
1012,,1012,勇往直前,Hero_head/head_MoLiHong,通关普通战役5-2:魔家兄妹,989,1,1011,,1,10,110502,704004_1,5,1_110502,1012
1013,,1013,勇往直前,Hero_head/head_MoLiQing,通关普通战役5-4:魔礼青,988,1,1012,,1,10,110504,704004_1,5,1_110504,1013
1014,,1014,勇往直前,Hero_head/head_LingHunLieShou,通关普通战役5-6:灵魂猎手,987,1,1013,,1,10,110506,704004_1,5,1_110506,1014
1015,,1015,勇往直前,Hero_head/head_MoLiHai,通关普通战役5-8:魔家四将,986,1,1014,,1,10,110508,704004_1,5,1_110508,1015
1016,,1016,勇往直前,Hero_head/head_XiMeiEr,通关普通战役5-10:媚儿之死,985,1,1015,,1,10,110510,704004_1,5,1_110510,1016
1017,,1017,勇往直前,Hero_head/head_LieDiZhiQuan,通关普通战役5-12:裂地之拳,984,1,1016,,1,10,110512,704004_1,5,1_110512,1017
1018,,1018,勇往直前,Hero_head/head_WuJi,通关普通战役6-2:幽冥洞天,983,1,1017,,1,10,110602,704004_2,5,1_110602,1018
1019,,1019,勇往直前,Hero_head/head_MoLiShou,通关普通战役6-4:别有深意,982,1,1018,,1,10,110604,704004_2,5,1_110604,1019
1020,,1020,勇往直前,Hero_head/head_ShenYuanTongShuai,通关普通战役6-6:致命幻象,981,1,1019,,1,10,110606,704004_2,5,1_110606,1020
1021,,1021,勇往直前,Hero_head/head_ZhangTianJun,通关普通战役6-8:危险袭来,980,1,1020,,1,10,110608,704004_2,5,1_110608,1021
1022,,1022,勇往直前,Hero_head/head_MoLiHong,通关普通战役6-10:前路不通,979,1,1021,,1,10,110610,704004_2,5,1_110610,1022
1023,,1023,勇往直前,Hero_head/head_AnHongMoXiang,通关普通战役6-12:援兵,978,1,1022,,1,10,110612,704004_2,5,1_110612,1023
1024,,1024,勇往直前,Hero_head/head_LiXingBa,通关普通战役7-2:冰天雪地,977,1,1023,,1,10,110702,704004_2,5,1_110702,1024
1025,,1025,勇往直前,Hero_head/head_DaJi,通关普通战役7-4:妖兵入侵,976,1,1024,,1,10,110704,704004_2,5,1_110704,1025
1026,,1026,勇往直前,Hero_head/head_AnShiMoShen,通关普通战役7-6:狭路相逢,975,1,1025,,1,10,110706,704004_2,5,1_110706,1026
1027,,1027,勇往直前,Hero_head/head_GaoYouGan,通关普通战役7-8:雪怪,974,1,1026,,1,10,110708,704004_2,5,1_110708,1027
1028,,1028,勇往直前,Hero_head/head_JinZha,通关普通战役7-10:守关处,973,1,1027,,1,10,110710,704004_2,5,1_110710,1028
1029,,1029,勇往直前,Hero_head/head_FengXueNvShen,通关普通战役7-12:大乱斗,972,1,1028,,1,10,110712,704004_2,5,1_110712,1029
1030,,1030,勇往直前,Hero_head/head_ShenGongBao,通关普通战役8-2:冰天雪地,971,1,1029,,1,10,110802,704004_2,5,1_110802,1030
1031,,1031,勇往直前,Hero_head/head_XiMeiEr,通关普通战役8-4:妖兵入侵,970,1,1030,,1,10,110804,704004_2,5,1_110804,1031
1032,,1032,勇往直前,Hero_head/head_TianLeiJinJiu,通关普通战役8-6:狭路相逢,969,1,1031,,1,10,110806,704004_2,5,1_110806,1032
1033,,1033,勇往直前,Hero_head/head_MoLiShou,通关普通战役8-8:雪怪,968,1,1032,,1,10,110808,704004_2,5,1_110808,1033
1034,,1034,勇往直前,Hero_head/head_ChenQi,通关普通战役8-10:守关处,967,1,1033,,1,10,110810,704004_2,5,1_110810,1034
1035,,1035,勇往直前,Hero_head/head_JuDunZhanShi,通关普通战役8-12:大乱斗,966,1,1034,,1,10,110812,704004_2,5,1_110812,1035
1036,,1036,勇往直前,Hero_head/head_ZhangTianJun,通关普通战役9-2:巨大城墙,965,1,1035,,1,10,110902,704004_2,5,1_110902,1036
1037,,1037,勇往直前,Hero_head/head_DongTianJun,通关普通战役9-4:野蛮兽人,964,1,1036,,1,10,110904,704004_2,5,1_110904,1037
1038,,1038,勇往直前,Hero_head/head_LingHunLieShou,通关普通战役9-6:激战不断,963,1,1037,,1,10,110906,704004_2,5,1_110906,1038
1039,,1039,勇往直前,Hero_head/head_MoLiShou,通关普通战役9-8:悲惨状况,962,1,1038,,1,10,110908,704004_2,5,1_110908,1039
1040,,1040,勇往直前,Hero_head/head_WenZhong,通关普通战役9-10:解决方法,961,1,1039,,1,10,110910,704004_2,5,1_110910,1040
1041,,1041,勇往直前,Hero_head/head_YuanGuDiLing,通关普通战役9-12:不速之客,960,1,1040,,1,10,110912,704004_2,5,1_110912,1041
1042,,1042,勇往直前,Hero_head/head_LeiZhenZi,通关普通战役10-2:巨大城墙,959,1,1041,,1,10,111002,704004_2,5,1_111002,1042
1043,,1043,勇往直前,Hero_head/head_JiangZiYa,通关普通战役10-4:野蛮兽人,958,1,1042,,1,10,111004,704004_2,5,1_111004,1043
1044,,1044,勇往直前,Hero_head/head_ShenYuanTongShuai,通关普通战役10-6:激战不断,957,1,1043,,1,10,111006,704004_2,5,1_111006,1044
1045,,1045,勇往直前,Hero_head/head_GuangChengZi,通关普通战役10-8:悲惨状况,956,1,1044,,1,10,111008,704004_2,5,1_111008,1045
1046,,1046,勇往直前,Hero_head/head_MoLiShou,通关普通战役10-10:解决方法,955,1,1045,,1,10,111010,704004_2,5,1_111010,1046
1047,,1047,勇往直前,Hero_head/head_CangQiongShouWei,通关普通战役10-12:不速之客,954,1,1046,,1,10,111012,704004_2,5,1_111012,1047
1048,,1048,勇往直前,Hero_head/head_LeiZhenZi,通关普通战役11-2:巨大城墙,953,1,1047,,1,10,111102,704004_2,5,1_111102,1048
1049,,1049,勇往直前,Hero_head/head_WuJi,通关普通战役11-4:野蛮兽人,952,1,1048,,1,10,111104,704004_2,5,1_111104,1049
1050,,1050,勇往直前,Hero_head/head_FengXueNvShen,通关普通战役11-6:激战不断,951,1,1049,,1,10,111106,704004_2,5,1_111106,1050
1051,,1051,勇往直前,Hero_head/head_GuangChengZi,通关普通战役11-8:悲惨状况,950,1,1050,,1,10,111108,704004_2,5,1_111108,1051
1052,,1052,勇往直前,Hero_head/head_MoLiShou,通关普通战役11-10:解决方法,949,1,1051,,1,10,111110,704004_2,5,1_111110,1052
1053,,1053,勇往直前,Hero_head/head_JuDunZhanShi,通关普通战役11-12:不速之客,948,1,1052,,1,10,111112,704004_2,5,1_111112,1053
1054,,1054,勇往直前,Hero_head/head_ShenGongBao,通关普通战役12-2:魔家兄妹,947,1,1053,,1,10,111202,704004_2,5,1_111202,1054
1055,,1055,勇往直前,Hero_head/head_ZhengLun,通关普通战役12-4:魔礼青,946,1,1054,,1,10,111204,704004_2,5,1_111204,1055
1056,,1056,勇往直前,Hero_head/head_LieDiZhiQuan,通关普通战役12-6:灵魂猎手,945,1,1055,,1,10,111206,704004_2,5,1_111206,1056
1057,,1057,勇往直前,Hero_head/head_XiMeiEr,通关普通战役12-8:魔家四将,944,1,1056,,1,10,111208,704004_2,5,1_111208,1057
1058,,1058,勇往直前,Hero_head/head_DaJi,通关普通战役12-10:媚儿之死,943,1,1057,,1,10,111210,704004_2,5,1_111210,1058
1059,,1059,勇往直前,Hero_head/head_EMoZhiXin,通关普通战役12-12:裂地之拳,942,1,1058,,1,10,111212,704004_2,5,1_111212,1059
1060,,1060,勇往直前,Hero_head/head_ShenGongBao,通关普通战役13-2:幽冥洞天,941,1,1059,,1,10,111302,704004_2,5,1_111302,1060
1061,,1061,勇往直前,Hero_head/head_MoLiHai,通关普通战役13-4:别有深意,940,1,1060,,1,10,111304,704004_2,5,1_111304,1061
1062,,1062,勇往直前,Hero_head/head_TianLeiJinJiu,通关普通战役13-6:致命幻象,939,1,1061,,1,10,111306,704004_2,5,1_111306,1062
1063,,1063,勇往直前,Hero_head/head_MoLiShou,通关普通战役13-8:危险袭来,938,1,1062,,1,10,111308,704004_2,5,1_111308,1063
1064,,1064,勇往直前,Hero_head/head_YangJian,通关普通战役13-10:前路不通,937,1,1063,,1,10,111310,704004_2,5,1_111310,1064
1065,,1065,勇往直前,Hero_head/head_LieDiZhiQuan_Hong,通关普通战役13-12:援兵,936,1,1064,,1,10,111312,704004_2,5,1_111312,1065
1066,,1066,勇往直前,Hero_head/head_ShenGongBao,通关普通战役14-2:冰天雪地,935,1,1065,,1,10,111402,704004_2,5,1_111402,1066
1067,,1067,勇往直前,Hero_head/head_MoLiHai,通关普通战役14-4:妖兵入侵,934,1,1066,,1,10,111404,704004_2,5,1_111404,1067
1068,,1068,勇往直前,Hero_head/head_YuanGuDiLing,通关普通战役14-6:狭路相逢,933,1,1067,,1,10,111406,704004_2,5,1_111406,1068
1069,,1069,勇往直前,Hero_head/head_MoLiShou,通关普通战役14-8:雪怪,932,1,1068,,1,10,111408,704004_2,5,1_111408,1069
1070,,1070,勇往直前,Hero_head/head_ChenQi,通关普通战役14-10:守关处,931,1,1069,,1,10,111410,704004_2,5,1_111410,1070
1071,,1071,勇往直前,Hero_head/head_YiGuangMiXie,通关普通战役14-12:大乱斗,930,1,1070,,1,10,111412,704004_2,5,1_111412,1071
1072,,1072,勇往直前,Hero_head/head_ShenGongBao,通关普通战役15-2:冰天雪地,929,1,1071,,1,10,111502,704004_2,5,1_111502,1072
1073,,1073,勇往直前,Hero_head/head_XiMeiEr,通关普通战役15-4:妖兵入侵,928,1,1072,,1,10,111504,704004_2,5,1_111504,1073
1074,,1074,勇往直前,Hero_head/head_TianLeiJinJiu,通关普通战役15-6:狭路相逢,927,1,1073,,1,10,111506,704004_2,5,1_111506,1074
1075,,1075,勇往直前,Hero_head/head_MoLiShou,通关普通战役15-8:雪怪,926,1,1074,,1,10,111508,704004_2,5,1_111508,1075
1076,,1076,勇往直前,Hero_head/head_ChenQi,通关普通战役15-10:守关处,925,1,1075,,1,10,111510,704004_2,5,1_111510,1076
1077,,1077,勇往直前,Hero_head/head_JuDunZhanShi,通关普通战役15-12:大乱斗,924,1,1076,,1,10,111512,704004_2,5,1_111512,1077
1078,,1078,勇往直前,Hero_head/head_ZhangTianJun,通关普通战役16-2:巨大城墙,923,1,1077,,1,10,111602,704004_2,5,1_111602,1078
1079,,1079,勇往直前,Hero_head/head_DongTianJun,通关普通战役16-4:野蛮兽人,922,1,1078,,1,10,111604,704004_2,5,1_111604,1079
1080,,1080,勇往直前,Hero_head/head_LingHunLieShou,通关普通战役16-6:激战不断,921,1,1079,,1,10,111606,704004_2,5,1_111606,1080
1081,,1081,勇往直前,Hero_head/head_MoLiShou,通关普通战役16-8:悲惨状况,920,1,1080,,1,10,111608,704004_2,5,1_111608,1081
1082,,1082,勇往直前,Hero_head/head_WenZhong,通关普通战役16-10:解决方法,919,1,1081,,1,10,111610,704004_2,5,1_111610,1082
1083,,1083,勇往直前,Hero_head/head_YuanGuDiLing,通关普通战役16-12:不速之客,918,1,1082,,1,10,111612,704004_2,5,1_111612,1083
1084,,1084,封神计划,Item/icon_RenWu_Normal,通关章节：封神计划,900,8,-1,,1,9,1001,2_20,5,1_110101,1084
1085,,1085,桃花渊,Item/icon_RenWu_Normal,通关章节：桃花渊,899,8,1084,,1,9,1003,2_20,5,1_110201,1085
1086,,1086,法宝人类,Item/icon_RenWu_Normal,通关章节：法宝人类,898,8,1085,,1,9,1005,2_20,5,1_110301,1086
1087,,1087,金鳌岛众,Item/icon_RenWu_Normal,通关章节：金鳌岛众,897,8,1086,,1,9,1007,2_40,5,1_110401,1087
1088,,1088,九龙遗址,Item/icon_RenWu_Normal,通关章节：九龙遗址,896,8,1087,,1,9,1009,2_40,5,1_110501,1088
1089,,1089,闻仲现身,Item/icon_RenWu_Normal,通关章节：闻仲现身,895,8,1088,,1,9,1011,2_40,5,1_110601,1089
1090,,1090,北海之战,Item/icon_RenWu_Normal,通关章节：北海之战,894,8,1089,,1,9,1013,2_80,5,1_110701,1090
1091,,1091,倾世妖姬,Item/icon_RenWu_Normal,通关章节：倾世妖姬,893,8,1090,,1,9,1015,2_80,5,1_110801,1091
1092,,1092,重返昆仑,Item/icon_RenWu_Normal,通关章节：重返昆仑,892,8,1091,,1,9,1017,2_80,5,1_110901,1092
1093,,1093,昆仑之殇,Item/icon_RenWu_Normal,通关章节：昆仑之殇,891,8,1092,,1,9,1019,2_100,5,1_111001,1093
1094,,1094,神力觉醒,Item/icon_RenWu_Normal,通关章节：神力觉醒,890,8,1093,,1,9,1021,2_100,5,1_111101,1094
1095,,1095,重返昆仑,Item/icon_RenWu_Normal,通关章节：重返昆仑,889,8,1094,,1,9,1023,2_100,5,1_111201,1095
1096,,1096,重返昆仑,Item/icon_RenWu_Normal,通关章节：重返昆仑,888,8,1095,,1,9,1025,2_100,5,1_111301,1096
1097,,1097,重返昆仑,Item/icon_RenWu_Normal,通关章节：重返昆仑,887,8,1096,,1,9,1027,2_100,5,1_111401,1097
1098,,1098,重返昆仑,Item/icon_RenWu_Normal,通关章节：重返昆仑,886,8,1097,,1,9,1029,2_100,5,1_111501,1098
1099,,1099,重返昆仑,Item/icon_RenWu_Normal,通关章节：重返昆仑,885,8,1098,,1,9,1031,2_100,5,1_111601,1099
1100,,1100,英雄数量,Skill/10001104,收集3名英雄,850,4,-1,,1,5,3,803002_3,5,,1100
1101,,1101,英雄数量,Skill/10001104,收集4名英雄,849,4,1100,,1,5,4,803002_3,5,,1101
1102,,1102,英雄数量,Skill/10001104,收集5名英雄,848,4,1101,,1,5,5,803002_3,5,,1102
1103,,1103,英雄数量,Skill/10001104,收集6名英雄,847,4,1102,,1,5,6,803002_3,5,,1103
1104,,1104,英雄数量,Skill/10001104,收集7名英雄,846,4,1103,,1,5,7,803002_3,5,,1104
1105,,1105,英雄数量,Skill/10001104,收集8名英雄,845,4,1104,,1,5,8,803003_1,5,,1105
1106,,1106,英雄数量,Skill/10001104,收集9名英雄,844,4,1105,,1,5,9,803003_1,5,,1106
1107,,1107,英雄数量,Skill/10001104,收集10名英雄,843,4,1106,,1,5,10,803003_1,5,,1107
1108,,1108,英雄数量,Skill/10001104,收集11名英雄,842,4,1107,,1,5,11,803003_1,5,,1108
1109,,1109,英雄数量,Skill/10001104,收集12名英雄,841,4,1108,,1,5,12,803003_3,5,,1109
1110,,1110,英雄数量,Skill/10001104,收集13名英雄,840,4,1109,,1,5,13,803003_3,5,,1110
1111,,1111,英雄数量,Skill/10001104,收集14名英雄,839,4,1110,,1,5,14,803003_3,5,,1111
1112,,1112,英雄数量,Skill/10001104,收集15名英雄,838,4,1111,,1,5,15,803004_3,5,,1112
1113,,1113,英雄数量,Skill/10001104,收集16名英雄,837,4,1112,,1,5,16,803004_3,5,,1113
1114,,1114,英雄数量,Skill/10001104,收集17名英雄,836,4,1113,,1,5,17,803004_3,5,,1114
1115,,1115,英雄数量,Skill/10001104,收集18名英雄,835,4,1114,,1,5,18,803004_3,5,,1115
1116,,1116,英雄数量,Skill/10001104,收集19名英雄,834,4,1115,,1,5,19,803004_3,5,,1116
1117,,1117,英雄数量,Skill/10001104,收集20名英雄,833,4,1116,,1,5,20,803004_3,5,,1117
1118,,1118,英雄数量,Skill/10001104,收集21名英雄,832,4,1117,,1,5,21,803004_3,5,,1118
1119,,1119,英雄数量,Skill/10001104,收集22名英雄,831,4,1118,,1,5,22,803004_3,5,,1119
1120,,1120,英雄数量,Skill/10001104,收集23名英雄,830,4,1119,,1,5,23,803004_3,5,,1120
1121,,1121,英雄数量,Skill/10001104,收集24名英雄,829,4,1120,,1,5,24,803004_3,5,,1121
1122,,1122,英雄数量,Skill/10001104,收集25名英雄,828,4,1121,,1,5,25,803004_3,5,,1122
1123,,1123,英雄数量,Skill/10001104,收集26名英雄,827,4,1122,,1,5,26,803004_3,5,,1123
1124,,1124,英雄数量,Skill/10001104,收集27名英雄,826,4,1123,,1,5,27,803004_3,5,,1124
1125,,1125,英雄数量,Skill/10001104,收集28名英雄,825,4,1124,,1,5,28,803004_3,5,,1125
1126,,1126,英雄数量,Skill/10001104,收集29名英雄,824,4,1125,,1,5,29,803004_3,5,,1126
1127,,1127,英雄数量,Skill/10001104,收集30名英雄,823,4,1126,,1,5,30,803004_3,5,,1127
1128,,1128,英雄数量,Skill/10001104,收集31名英雄,822,4,1127,,1,5,31,803004_3,5,,1128
1129,,1129,主角升级,Skill/20000102,主角等级达到10级,800,1,-1,,1,1,10,"2_10,803002_5",10,,1129
1130,,1130,主角升级,Skill/20000102,主角等级达到15级,799,1,1129,,1,1,15,"2_30,806508_5",10,,1130
1131,,1131,主角升级,Skill/20000102,主角等级达到20级,798,1,1130,,1,1,20,"2_50,806551_5",10,,1131
1132,,1132,主角升级,Skill/20000102,主角等级达到25级,797,1,1131,,1,1,25,"2_50,806552_5",10,,1132
1133,,1133,主角升级,Skill/20000102,主角等级达到30级,796,1,1132,,1,1,30,"2_50,803003_4",10,,1133
1134,,1134,主角升级,Skill/20000102,主角等级达到31级,795,1,1133,,1,1,31,"2_50,803003_4",10,,1134
1135,,1135,主角升级,Skill/20000102,主角等级达到32级,794,1,1134,,1,1,32,"2_50,803003_4",10,,1135
1136,,1136,主角升级,Skill/20000102,主角等级达到33级,793,1,1135,,1,1,33,"2_50,803003_4",10,,1136
1137,,1137,主角升级,Skill/20000102,主角等级达到34级,792,1,1136,,1,1,34,"2_50,803003_4",10,,1137
1138,,1138,主角升级,Skill/20000102,主角等级达到35级,791,1,1137,,1,1,35,"2_100,803003_4",10,,1138
1139,,1139,主角升级,Skill/20000102,主角等级达到36级,790,4,1138,,1,1,36,"2_100,803003_4",10,,1139
1140,,1140,主角升级,Skill/20000102,主角等级达到37级,789,4,1139,,1,1,37,"2_100,803003_4",10,,1140
1141,,1141,主角升级,Skill/20000102,主角等级达到38级,788,4,1140,,1,1,38,"2_100,803003_4",10,,1141
1142,,1142,主角升级,Skill/20000102,主角等级达到39级,787,4,1141,,1,1,39,"2_100,803003_4",10,,1142
1143,,1143,主角升级,Skill/20000102,主角等级达到40级,786,4,1142,,1,1,40,"2_150,803003_4",10,,1143
1144,,1144,主角升级,Skill/20000102,主角等级达到41级,785,4,1143,,1,1,41,"2_150,803003_4",10,,1144
1145,,1145,主角升级,Skill/20000102,主角等级达到42级,784,4,1144,,1,1,42,"2_150,804003_5",10,,1145
1146,,1146,主角升级,Skill/20000102,主角等级达到43级,783,4,1145,,1,1,43,"2_150,804003_5",10,,1146
1147,,1147,主角升级,Skill/20000102,主角等级达到44级,782,4,1146,,1,1,44,"2_150,804003_5",10,,1147
1148,,1148,主角升级,Skill/20000102,主角等级达到45级,781,4,1147,,1,1,45,"2_150,804003_5",10,,1148
1149,,1149,主角升级,Skill/20000102,主角等级达到46级,780,4,1148,,1,1,46,"2_150,804003_5",10,,1149
1150,,1150,主角升级,Skill/20000102,主角等级达到47级,779,4,1149,,1,1,47,"2_150,804003_5",10,,1150
1151,,1151,主角升级,Skill/20000102,主角等级达到48级,778,4,1150,,1,1,48,"2_150,804003_5",10,,1151
1152,,1152,主角升级,Skill/20000102,主角等级达到49级,777,4,1151,,1,1,49,"2_150,804003_5",10,,1152
1153,,1153,主角升级,Skill/20000102,主角等级达到50级,776,8,1152,,1,1,50,"2_200,804003_5",10,,1153
1154,,1154,主角升级,Skill/20000102,主角等级达到51级,775,8,1153,,1,1,51,"2_200,804003_5",10,,1154
1155,,1155,主角升级,Skill/20000102,主角等级达到52级,774,8,1154,,1,1,52,"2_200,803004_10",10,,1155
1156,,1156,主角升级,Skill/20000102,主角等级达到53级,773,8,1155,,1,1,53,"2_200,803004_10",10,,1156
1157,,1157,主角升级,Skill/20000102,主角等级达到54级,772,8,1156,,1,1,54,"2_200,803004_10",10,,1157
1158,,1158,主角升级,Skill/20000102,主角等级达到55级,771,8,1157,,1,1,55,"2_200,803004_15",10,,1158
1159,,1159,主角升级,Skill/20000102,主角等级达到56级,770,8,1158,,1,1,56,"2_200,803004_15",10,,1159
1160,,1160,主角升级,Skill/20000102,主角等级达到57级,769,8,1159,,1,1,57,"2_200,803004_15",10,,1160
1161,,1161,主角升级,Skill/20000102,主角等级达到58级,768,8,1160,,1,1,58,"2_200,803004_15",10,,1161
1162,,1162,主角升级,Skill/20000102,主角等级达到59级,767,8,1161,,1,1,59,"2_200,803004_20",10,,1162
1163,,1163,主角升级,Skill/20000102,主角等级达到60级,766,8,1162,,1,1,60,"2_200,803004_20",10,,1163
1164,,1164,主角升级,Skill/20000102,主角等级达到61级,765,8,1163,,1,1,61,"2_200,803004_20",10,,1164
1165,,1165,主角升级,Skill/20000102,主角等级达到62级,764,8,1164,,1,1,62,"2_200,803004_20",10,,1165
1166,,1166,主角升级,Skill/20000102,主角等级达到63级,763,8,1165,,1,1,63,"2_200,803004_30",10,,1166
1167,,1167,主角升级,Skill/20000102,主角等级达到64级,762,8,1166,,1,1,64,"2_200,803004_30",10,,1167
1168,,1168,主角升级,Skill/20000102,主角等级达到65级,761,8,1167,,1,1,65,"2_200,803004_30",10,,1168
1169,,1169,主角升级,Skill/20000102,主角等级达到66级,760,8,1168,,1,1,66,"2_200,803004_30",10,,1169
1170,,1170,主角升级,Skill/20000102,主角等级达到67级,759,8,1169,,1,1,67,"2_200,803004_45",10,,1170
1171,,1171,主角升级,Skill/20000102,主角等级达到68级,758,8,1170,,1,1,68,"2_200,803004_45",10,,1171
1172,,1172,主角升级,Skill/20000102,主角等级达到69级,757,8,1171,,1,1,69,"2_200,803004_45",10,,1172
1173,,1173,主角升级,Skill/20000102,主角等级达到70级,756,8,1172,,1,1,70,"2_200,803004_45",10,,1173
1174,,1174,主角升级,Skill/20000102,主角等级达到71级,755,8,1173,,1,1,71,"2_200,803004_45",10,,1174
1175,,1175,主角升级,Skill/20000102,主角等级达到72级,754,8,1174,,1,1,72,"2_200,803004_60",10,,1175
1176,,1176,主角升级,Skill/20000102,主角等级达到73级,753,8,1175,,1,1,73,"2_200,803004_60",10,,1176
1177,,1177,主角升级,Skill/20000102,主角等级达到74级,752,8,1176,,1,1,74,"2_200,803004_60",10,,1177
1178,,1178,主角升级,Skill/20000102,主角等级达到75级,751,8,1177,,1,1,75,"2_200,803004_60",10,,1178
1179,,1179,主角升级,Skill/20000102,主角等级达到76级,750,8,1178,,1,1,76,"2_200,803004_60",10,,1179
1180,,1180,主角升级,Skill/20000102,主角等级达到77级,749,8,1179,,1,1,77,"2_200,803004_80",10,,1180
1181,,1181,主角升级,Skill/20000102,主角等级达到78级,748,8,1180,,1,1,78,"2_200,803004_80",10,,1181
1182,,1182,主角升级,Skill/20000102,主角等级达到79级,747,8,1181,,1,1,79,"2_200,803004_80",10,,1182
1183,,1183,主角升级,Skill/20000102,主角等级达到80级,746,8,1182,,1,1,80,"2_200,803004_80",10,,1183
1184,,1184,主角升级,Skill/20000102,主角等级达到81级,745,8,1183,,1,1,81,"2_200,803004_80",10,,1184
1185,,1185,主角升级,Skill/20000102,主角等级达到82级,744,8,1184,,1,1,82,"2_200,803004_80",10,,1185
1186,,1186,主角升级,Skill/20000102,主角等级达到83级,743,8,1185,,1,1,83,"2_200,803004_100",10,,1186
1187,,1187,主角升级,Skill/20000102,主角等级达到84级,742,8,1186,,1,1,84,"2_200,803004_100",10,,1187
1188,,1188,主角升级,Skill/20000102,主角等级达到85级,741,8,1187,,1,1,85,"2_200,803004_100",10,,1188
1189,,1189,主角升级,Skill/20000102,主角等级达到86级,740,8,1188,,1,1,86,"2_200,803004_100",10,,1189
1190,,1190,主角升级,Skill/20000102,主角等级达到87级,739,8,1189,,1,1,87,"2_200,803004_100",10,,1190
1191,,1191,主角升级,Skill/20000102,主角等级达到88级,738,8,1190,,1,1,88,"2_200,803004_100",10,,1191
1192,,1192,主角升级,Skill/20000102,主角等级达到89级,737,8,1191,,1,1,89,"2_200,803004_100",10,,1192
1193,,1193,主角升级,Skill/20000102,主角等级达到90级,736,8,1192,,1,1,90,"2_200,803004_100",10,,1193
1194,,1194,势如破竹,Hero_head/head_DaoXingTianZun,通关精英战役1-1:道行天尊,700,4,-1,22,1,12,120101,704004_1,10,1_120101,1194
1195,,1195,势如破竹,Hero_head/head_WeiHu,通关精英战役2-1:友人切磋,699,4,1194,,1,12,120201,704004_1,10,1_120201,1195
1196,,1196,势如破竹,Hero_head/head_AnShiMoShen,通关精英战役2-2:魔神之力,698,4,1195,,1,12,120202,704004_1,10,1_120202,1196
1197,,1197,势如破竹,Hero_head/head_ZhengLun,通关精英战役3-1:哼哈神威,697,4,1196,,1,12,120301,704004_1,10,1_120301,1197
1198,,1198,势如破竹,Hero_head/head_LongJiGongZhu,通关精英战役3-2:雾露回春,696,4,1197,,1,12,120302,704004_1,10,1_120302,1198
1199,,1199,势如破竹,Hero_head/head_CangQiongShouWei,通关精英战役3-3:苍穹,695,4,1198,,1,12,120303,704004_1,10,1_120303,1199
1200,,1200,势如破竹,Hero_head/head_JinZha,通关精英战役4-1:本意,694,4,1199,,1,12,120401,704004_1,10,1_120401,1200
1201,,1201,势如破竹,Hero_head/head_MuZha,通关精英战役4-2:碰撞,693,4,1200,,1,12,120402,704004_1,10,1_120402,1201
1202,,1202,势如破竹,Hero_head/head_LiJing,通关精英战役4-3:追查,692,4,1201,,1,12,120403,704004_1,10,1_120403,1202
1203,,1203,势如破竹,Hero_head/head_XiMeiEr,通关精英战役4-4:深入,691,4,1202,,1,12,120404,704004_1,10,1_120404,1203
1204,,1204,势如破竹,Hero_head/head_SanTouLongYan,通关精英战役4-5:反抗,690,4,1203,,1,12,120405,704004_1,10,1_120405,1204
1205,,1205,势如破竹,Hero_head/head_MoLiHong,通关精英战役5-1:根源,689,4,1204,,1,12,120501,704004_1,10,1_120501,1205
1206,,1206,势如破竹,Hero_head/head_MoLiQing,通关精英战役5-2:宝塔,688,4,1205,,1,12,120502,704004_1,10,1_120502,1206
1207,,1207,势如破竹,Hero_head/head_LingHunLieShou,通关精英战役5-3:拯救,687,4,1206,,1,12,120503,704004_1,10,1_120503,1207
1208,,1208,势如破竹,Hero_head/head_MoLiHai,通关精英战役5-4:小试,686,4,1207,,1,12,120504,704004_1,10,1_120504,1208
1209,,1209,势如破竹,Hero_head/head_XiMeiEr,通关精英战役5-5:路线,685,4,1208,,1,12,120505,704004_1,10,1_120505,1209
1210,,1210,势如破竹,Hero_head/head_LieDiZhiQuan,通关精英战役5-6:决战,684,4,1209,,1,12,120506,704004_1,10,1_120506,1210
1211,,1211,势如破竹,Hero_head/head_WuJi,通关精英战役6-1:上古预言,683,4,1210,,1,12,120601,704004_2,10,1_120601,1211
1212,,1212,势如破竹,Hero_head/head_MoLiShou,通关精英战役6-2:致命幻象,682,4,1211,,1,12,120602,704004_2,10,1_120602,1212
1213,,1213,势如破竹,Hero_head/head_ShenYuanTongShuai,通关精英战役6-3:再次幻象,681,4,1212,,1,12,120603,704004_2,10,1_120603,1213
1214,,1214,势如破竹,Hero_head/head_ZhangTianJun,通关精英战役6-4:援兵,680,4,1213,,1,12,120604,704004_2,10,1_120604,1214
1215,,1215,势如破竹,Hero_head/head_MoLiHong,通关精英战役6-5:寄居生物,679,4,1214,,1,12,120605,704004_2,10,1_120605,1215
1216,,1216,势如破竹,Hero_head/head_AnHongMoXiang,通关精英战役6-6:致命幻象,678,4,1215,,1,12,120606,704004_2,10,1_120606,1216
1217,,1217,势如破竹,Hero_head/head_LiXingBa,通关精英战役7-1:根源,677,4,1216,,1,12,120701,704004_2,10,1_120701,1217
1218,,1218,势如破竹,Hero_head/head_DaJi,通关精英战役7-2:郑伦,676,4,1217,,1,12,120702,704004_2,10,1_120702,1218
1219,,1219,势如破竹,Hero_head/head_AnShiMoShen,通关精英战役7-3:拯救,675,4,1218,,1,12,120703,704004_2,10,1_120703,1219
1220,,1220,势如破竹,Hero_head/head_GaoYouGan,通关精英战役7-4:小试,674,4,1219,,1,12,120704,704004_2,10,1_120704,1220
1221,,1221,势如破竹,Hero_head/head_JinZha,通关精英战役7-5:路线,673,4,1220,,1,12,120705,704004_2,10,1_120705,1221
1222,,1222,势如破竹,Hero_head/head_FengXueNvShen,通关精英战役7-6:决战,672,4,1221,,1,12,120706,704004_2,10,1_120706,1222
1223,,1223,势如破竹,Hero_head/head_ShenGongBao,通关精英战役8-1:根源,671,4,1222,,1,12,120801,704004_2,10,1_120801,1223
1224,,1224,势如破竹,Hero_head/head_XiMeiEr,通关精英战役8-2:郑伦,670,4,1223,,1,12,120802,704004_2,10,1_120802,1224
1225,,1225,势如破竹,Hero_head/head_TianLeiJinJiu,通关精英战役8-3:拯救,669,4,1224,,1,12,120803,704004_2,10,1_120803,1225
1226,,1226,势如破竹,Hero_head/head_MoLiShou,通关精英战役8-4:小试,668,4,1225,,1,12,120804,704004_2,10,1_120804,1226
1227,,1227,势如破竹,Hero_head/head_ChenQi,通关精英战役8-5:路线,667,4,1226,,1,12,120805,704004_2,10,1_120805,1227
1228,,1228,势如破竹,Hero_head/head_JuDunZhanShi,通关精英战役8-6:决战,666,4,1227,,1,12,120806,704004_2,10,1_120806,1228
1229,,1229,势如破竹,Hero_head/head_ZhangTianJun,通关精英战役9-1:根源,665,4,1228,,1,12,120901,704004_2,10,1_120901,1229
1230,,1230,势如破竹,Hero_head/head_DongTianJun,通关精英战役9-2:郑伦,664,4,1229,,1,12,120902,704004_2,10,1_120902,1230
1231,,1231,势如破竹,Hero_head/head_LingHunLieShou,通关精英战役9-3:拯救,663,4,1230,,1,12,120903,704004_2,10,1_120903,1231
1232,,1232,势如破竹,Hero_head/head_MoLiShou,通关精英战役9-4:小试,662,4,1231,,1,12,120904,704004_2,10,1_120904,1232
1233,,1233,势如破竹,Hero_head/head_WenZhong,通关精英战役9-5:路线,661,4,1232,,1,12,120905,704004_2,10,1_120905,1233
1234,,1234,势如破竹,Hero_head/head_YuanGuDiLing,通关精英战役9-6:决战,660,4,1233,,1,12,120906,704004_2,10,1_120906,1234
1235,,1235,势如破竹,Hero_head/head_LeiZhenZi,通关精英战役10-1:根源,659,4,1234,,1,12,121001,704004_2,10,1_121001,1235
1236,,1236,势如破竹,Hero_head/head_JiangZiYa,通关精英战役10-2:郑伦,658,4,1235,,1,12,121002,704004_2,10,1_121002,1236
1237,,1237,势如破竹,Hero_head/head_ShenYuanTongShuai,通关精英战役10-3:拯救,657,4,1236,,1,12,121003,704004_2,10,1_121003,1237
1238,,1238,势如破竹,Hero_head/head_GuangChengZi,通关精英战役10-4:小试,656,4,1237,,1,12,121004,704004_2,10,1_121004,1238
1239,,1239,势如破竹,Hero_head/head_MoLiShou,通关精英战役10-5:路线,655,4,1238,,1,12,121005,704004_2,10,1_121005,1239
1240,,1240,势如破竹,Hero_head/head_CangQiongShouWei,通关精英战役10-6:决战,654,4,1239,,1,12,121006,704004_2,10,1_121006,1240
1241,,1241,势如破竹,Hero_head/head_LeiZhenZi,通关精英战役11-1:根源,653,4,1240,,1,12,121101,704004_2,10,1_121101,1241
1242,,1242,势如破竹,Hero_head/head_WuJi,通关精英战役11-2:郑伦,652,4,1241,,1,12,121102,704004_2,10,1_121102,1242
1243,,1243,势如破竹,Hero_head/head_FengXueNvShen,通关精英战役11-3:拯救,651,4,1242,,1,12,121103,704004_2,10,1_121103,1243
1244,,1244,势如破竹,Hero_head/head_GuangChengZi,通关精英战役11-4:小试,650,4,1243,,1,12,121104,704004_2,10,1_121104,1244
1245,,1245,势如破竹,Hero_head/head_MoLiShou,通关精英战役11-5:路线,649,4,1244,,1,12,121105,704004_2,10,1_121105,1245
1246,,1246,势如破竹,Hero_head/head_JuDunZhanShi,通关精英战役11-6:决战,648,4,1245,,1,12,121106,704004_2,10,1_121106,1246
1247,,1247,势如破竹,Hero_head/head_ShenGongBao,通关精英战役12-1:根源,647,4,1246,,1,12,121201,704004_2,10,1_121201,1247
1248,,1248,势如破竹,Hero_head/head_ZhengLun,通关精英战役12-2:宝塔,646,4,1247,,1,12,121202,704004_2,10,1_121202,1248
1249,,1249,势如破竹,Hero_head/head_LieDiZhiQuan,通关精英战役12-3:拯救,645,4,1248,,1,12,121203,704004_2,10,1_121203,1249
1250,,1250,势如破竹,Hero_head/head_XiMeiEr,通关精英战役12-4:小试,644,4,1249,,1,12,121204,704004_2,10,1_121204,1250
1251,,1251,势如破竹,Hero_head/head_DaJi,通关精英战役12-5:路线,643,4,1250,,1,12,121205,704004_2,10,1_121205,1251
1252,,1252,势如破竹,Hero_head/head_EMoZhiXin,通关精英战役12-6:决战,642,4,1251,,1,12,121206,704004_2,10,1_121206,1252
1253,,1253,势如破竹,Hero_head/head_ShenGongBao,通关精英战役13-1:上古预言,641,4,1252,,1,12,121301,704004_2,10,1_121301,1253
1254,,1254,势如破竹,Hero_head/head_MoLiHai,通关精英战役13-2:致命幻象,640,4,1253,,1,12,121302,704004_2,10,1_121302,1254
1255,,1255,势如破竹,Hero_head/head_TianLeiJinJiu,通关精英战役13-3:再次幻象,639,4,1254,,1,12,121303,704004_2,10,1_121303,1255
1256,,1256,势如破竹,Hero_head/head_MoLiShou,通关精英战役13-4:援兵,638,4,1255,,1,12,121304,704004_2,10,1_121304,1256
1257,,1257,势如破竹,Hero_head/head_YangJian,通关精英战役13-5:寄居生物,637,4,1256,,1,12,121305,704004_2,10,1_121305,1257
1258,,1258,势如破竹,Hero_head/head_LieDiZhiQuan_Hong,通关精英战役13-6:致命幻象,636,4,1257,,1,12,121306,704004_2,10,1_121306,1258
1259,,1259,势如破竹,Hero_head/head_ShenGongBao,通关精英战役14-1:根源,635,4,1258,,1,12,121401,704004_2,10,1_121401,1259
1260,,1260,势如破竹,Hero_head/head_MoLiHai,通关精英战役14-2:郑伦,634,4,1259,,1,12,121402,704004_2,10,1_121402,1260
1261,,1261,势如破竹,Hero_head/head_YuanGuDiLing,通关精英战役14-3:拯救,633,4,1260,,1,12,121403,704004_2,10,1_121403,1261
1262,,1262,势如破竹,Hero_head/head_MoLiShou,通关精英战役14-4:小试,632,4,1261,,1,12,121404,704004_2,10,1_121404,1262
1263,,1263,势如破竹,Hero_head/head_ChenQi,通关精英战役14-5:路线,631,4,1262,,1,12,121405,704004_2,10,1_121405,1263
1264,,1264,势如破竹,Hero_head/head_BiCuiXianZi,通关精英战役14-6:决战,630,4,1263,,1,12,121406,704004_2,10,1_121406,1264
1265,,1265,势如破竹,Hero_head/head_ShenGongBao,通关精英战役15-1:根源,629,4,1264,,1,12,121501,704004_2,10,1_121501,1265
1266,,1266,势如破竹,Hero_head/head_XiMeiEr,通关精英战役15-2:郑伦,628,4,1265,,1,12,121502,704004_2,10,1_121502,1266
1267,,1267,势如破竹,Hero_head/head_TianLeiJinJiu,通关精英战役15-3:拯救,627,4,1266,,1,12,121503,704004_2,10,1_121503,1267
1268,,1268,势如破竹,Hero_head/head_MoLiShou,通关精英战役15-4:小试,626,4,1267,,1,12,121504,704004_2,10,1_121504,1268
1269,,1269,势如破竹,Hero_head/head_ChenQi,通关精英战役15-5:路线,625,4,1268,,1,12,121505,704004_2,10,1_121505,1269
1270,,1270,势如破竹,Hero_head/head_JuDunZhanShi,通关精英战役15-6:决战,624,4,1269,,1,12,121506,704004_2,10,1_121506,1270
1271,,1271,势如破竹,Hero_head/head_ZhangTianJun,通关精英战役16-1:根源,623,4,1270,,1,12,121601,704004_2,10,1_121601,1271
1272,,1272,势如破竹,Hero_head/head_DongTianJun,通关精英战役16-2:郑伦,622,4,1271,,1,12,121602,704004_2,10,1_121602,1272
1273,,1273,势如破竹,Hero_head/head_LingHunLieShou,通关精英战役16-3:拯救,621,4,1272,,1,12,121603,704004_2,10,1_121603,1273
1274,,1274,势如破竹,Hero_head/head_MoLiShou,通关精英战役16-4:小试,620,4,1273,,1,12,121604,704004_2,10,1_121604,1274
1275,,1275,势如破竹,Hero_head/head_WenZhong,通关精英战役16-5:路线,619,4,1274,,1,12,121605,704004_2,10,1_121605,1275
1276,,1276,势如破竹,Hero_head/head_YuanGuDiLing,通关精英战役16-6:决战,618,4,1275,,1,12,121606,704004_2,10,1_121606,1276
1277,,1277,封神计划 · 精英,Item/icon_RenWu_Hard,通关精英章节：封神计划 · 精英,600,13,-1,22,1,9,1002,2_100,10,1_120101,1277
1278,,1278,时空旅者 · 精英,Item/icon_RenWu_Hard,通关精英章节：时空旅者 · 精英,599,13,1277,,1,9,1004,2_100,10,1_120201,1278
1279,,1279,法宝人类 · 精英,Item/icon_RenWu_Hard,通关精英章节：法宝人类 · 精英,598,13,1278,,1,9,1006,2_100,10,1_120301,1279
1280,,1280,金鳌岛众 · 精英,Item/icon_RenWu_Hard,通关精英章节：金鳌岛众 · 精英,597,13,1279,,1,9,1008,2_150,10,1_120401,1280
1281,,1281,九龙遗址 · 精英,Item/icon_RenWu_Hard,通关精英章节：九龙遗址 · 精英,596,13,1280,,1,9,1010,2_150,10,1_120501,1281
1282,,1282,闻仲现身 · 精英,Item/icon_RenWu_Hard,通关精英章节：闻仲现身 · 精英,595,13,1281,,1,9,1012,2_150,10,1_120601,1282
1283,,1283,北海之战 · 精英,Item/icon_RenWu_Hard,通关精英章节：北海之战 · 精英,594,13,1282,,1,9,1014,2_200,10,1_120701,1283
1284,,1284,倾世妖姬 · 精英,Item/icon_RenWu_Hard,通关精英章节：倾世妖姬 · 精英,593,13,1283,,1,9,1016,2_200,10,1_120801,1284
1285,,1285,重返昆仑 · 精英,Item/icon_RenWu_Hard,通关精英章节：重返昆仑 · 精英,592,13,1284,,1,9,1018,2_200,10,1_120901,1285
1286,,1286,昆仑之殇 · 精英,Item/icon_RenWu_Hard,通关精英章节：昆仑之殇 · 精英,591,13,1285,,1,9,1020,2_200,10,1_121001,1286
1287,,1287,神力觉醒 · 精英,Item/icon_RenWu_Hard,通关精英章节：神力觉醒 · 精英,590,13,1286,,1,9,1022,2_200,10,1_121101,1287
1288,,1288,重返昆仑 · 精英,Item/icon_RenWu_Hard,通关精英章节：重返昆仑 · 精英,589,13,1287,,1,9,1024,2_200,10,1_121201,1288
1289,,1289,重返昆仑 · 精英,Item/icon_RenWu_Hard,通关精英章节：重返昆仑 · 精英,588,13,1288,,1,9,1026,2_200,10,1_121301,1289
1290,,1290,重返昆仑 · 精英,Item/icon_RenWu_Hard,通关精英章节：重返昆仑 · 精英,587,13,1289,,1,9,1028,2_200,10,1_121401,1290
1291,,1291,重返昆仑 · 精英,Item/icon_RenWu_Hard,通关精英章节：重返昆仑 · 精英,586,13,1290,,1,9,1030,2_200,10,1_121501,1291
1292,,1292,重返昆仑 · 精英,Item/icon_RenWu_Hard,通关精英章节：重返昆仑 · 精英,585,13,1291,,1,9,1032,2_200,10,1_121601,1292
1293,,1293,英雄进阶(绿）,Skill/20400101,将1个英雄进阶至绿色,550,1,-1,99,1,7,1_1,"1_5000,803001_2",10,,1293
1294,,1294,英雄进阶(绿）,Skill/20400101,将2个英雄进阶至绿色,549,1,-1,99,1,7,2_1,"1_5000,803001_2",10,,1294
1295,,1295,英雄进阶(绿）,Skill/20400101,将3个英雄进阶至绿色,548,1,-1,12,1,7,3_1,"1_5000,803001_2",10,,1295
1296,,1296,英雄进阶(绿）,Skill/20400101,将4个英雄进阶至绿色,547,1,1295,,1,7,4_1,"1_5000,803001_2",10,,1296
1297,,1297,英雄进阶(绿）,Skill/20400101,将5个英雄进阶至绿色,546,1,1296,,1,7,5_1,"1_5000,803001_2",10,,1297
1298,,1298,英雄进阶(绿）,Skill/20400101,将6个英雄进阶至绿色,545,1,1297,1,1,7,6_1,"1_5000,803002_3",10,,1298
1299,,1299,英雄进阶(绿）,Skill/20400101,将7个英雄进阶至绿色,544,1,1298,2,1,7,7_1,"1_5000,803002_3",10,,1299
1300,,1300,英雄进阶(绿）,Skill/20400101,将8个英雄进阶至绿色,543,1,1299,3,1,7,8_1,"1_5000,803002_3",10,,1300
1301,,1301,英雄进阶(绿）,Skill/20400101,将9个英雄进阶至绿色,542,1,1300,4,1,7,9_1,"1_5000,803002_3",10,,1301
1302,,1302,英雄进阶(绿）,Skill/20400101,将10个英雄进阶至绿色,541,1,1301,5,1,7,10_1,"1_5000,803002_3",10,,1302
1303,,1303,英雄进阶(绿）,Skill/20400101,将11个英雄进阶至绿色,540,1,1302,6,1,7,11_1,"1_5000,803002_3",10,,1303
1304,,1304,英雄进阶(绿）,Skill/20400101,将12个英雄进阶至绿色,539,1,1303,7,1,7,12_1,"1_5000,803002_3",10,,1304
1305,,1305,英雄进阶(绿）,Skill/20400101,将13个英雄进阶至绿色,538,1,1304,8,1,7,13_1,"1_5000,803002_3",10,,1305
1306,,1306,英雄进阶(绿）,Skill/20400101,将14个英雄进阶至绿色,537,1,1305,9,1,7,14_1,"1_5000,803002_3",10,,1306
1307,,1307,英雄进阶(绿）,Skill/20400101,将15个英雄进阶至绿色,536,1,1306,10,1,7,15_1,"1_5000,803002_3",10,,1307
1308,,1308,英雄进阶(绿）,Skill/20400101,将16个英雄进阶至绿色,535,1,1307,11,1,7,16_1,"1_5000,803002_3",10,,1308
1309,,1309,英雄进阶(绿）,Skill/20400101,将17个英雄进阶至绿色,534,1,1308,12,1,7,17_1,"1_5000,803002_3",10,,1309
1310,,1310,英雄进阶(绿）,Skill/20400101,将18个英雄进阶至绿色,533,1,1309,13,1,7,18_1,"1_5000,803002_3",10,,1310
1311,,1311,英雄进阶(绿）,Skill/20400101,将19个英雄进阶至绿色,532,1,1310,14,1,7,19_1,"1_5000,803002_3",10,,1311
1312,,1312,英雄进阶(绿）,Skill/20400101,将20个英雄进阶至绿色,531,1,1311,15,1,7,20_1,"1_5000,803002_3",10,,1312
1313,,1313,英雄进阶(绿）,Skill/20400101,将21个英雄进阶至绿色,530,1,1312,16,1,7,21_1,"1_5000,803002_3",10,,1313
1314,,1314,英雄进阶(绿）,Skill/20400101,将22个英雄进阶至绿色,529,1,1313,17,1,7,22_1,"1_5000,803002_3",10,,1314
1315,,1315,英雄进阶(绿）,Skill/20400101,将23个英雄进阶至绿色,528,1,1314,18,1,7,23_1,"1_5000,803002_3",10,,1315
1316,,1316,英雄进阶(绿）,Skill/20400101,将24个英雄进阶至绿色,527,1,1315,19,1,7,24_1,"1_5000,803002_3",10,,1316
1317,,1317,英雄进阶(绿）,Skill/20400101,将25个英雄进阶至绿色,526,1,1316,20,1,7,25_1,"1_5000,803002_3",10,,1317
1318,,1318,英雄进阶(绿）,Skill/20400101,将26个英雄进阶至绿色,525,1,1317,21,1,7,26_1,"1_5000,803002_3",10,,1318
1319,,1319,英雄进阶(绿）,Skill/20400101,将27个英雄进阶至绿色,524,1,1318,22,1,7,27_1,"1_5000,803002_3",10,,1319
1320,,1320,英雄进阶(绿）,Skill/20400101,将28个英雄进阶至绿色,523,1,1319,23,1,7,28_1,"1_5000,803002_3",10,,1320
1321,,1321,英雄进阶(绿）,Skill/20400101,将29个英雄进阶至绿色,522,1,1320,24,1,7,29_1,"1_5000,803002_3",10,,1321
1322,,1322,英雄进阶(绿）,Skill/20400101,将30个英雄进阶至绿色,521,1,1321,25,1,7,30_1,"1_5000,803002_3",10,,1322
1323,,1323,英雄进阶(绿）,Skill/20400101,将31个英雄进阶至绿色,520,1,1322,26,1,7,31_1,"1_5000,803002_3",10,,1323
1324,,1324,英雄进阶(绿+1）,Skill/10000204,将1个英雄进阶至绿色+1,519,1,-1,99,1,7,1_2,"1_5000,803001_3",10,,1324
1325,,1325,英雄进阶(绿+1）,Skill/10000204,将2个英雄进阶至绿色+1,518,1,-1,99,1,7,2_2,"1_5000,803001_3",10,,1325
1326,,1326,英雄进阶(绿+1）,Skill/10000204,将3个英雄进阶至绿色+1,517,1,-1,18,1,7,3_2,"1_5000,803001_3",10,,1326
1327,,1327,英雄进阶(绿+1）,Skill/10000204,将4个英雄进阶至绿色+1,516,1,1326,,1,7,4_2,"1_5000,803001_3",10,,1327
1328,,1328,英雄进阶(绿+1）,Skill/10000204,将5个英雄进阶至绿色+1,515,1,1327,,1,7,5_2,"1_5000,803001_3",10,,1328
1329,,1329,英雄进阶(绿+1）,Skill/10000204,将6个英雄进阶至绿色+1,514,1,1328,,1,7,6_2,"1_5000,803002_5",10,,1329
1330,,1330,英雄进阶(绿+1）,Skill/10000204,将7个英雄进阶至绿色+1,513,1,1329,,1,7,7_2,"1_5000,803002_5",10,,1330
1331,,1331,英雄进阶(绿+1）,Skill/10000204,将8个英雄进阶至绿色+1,512,1,1330,,1,7,8_2,"1_5000,803002_5",10,,1331
1332,,1332,英雄进阶(绿+1）,Skill/10000204,将9个英雄进阶至绿色+1,511,1,1331,,1,7,9_2,"1_5000,803002_5",10,,1332
1333,,1333,英雄进阶(绿+1）,Skill/10000204,将10个英雄进阶至绿色+1,510,1,1332,,1,7,10_2,"1_5000,803002_5",10,,1333
1334,,1334,英雄进阶(绿+1）,Skill/10000204,将11个英雄进阶至绿色+1,509,1,1333,,1,7,11_2,"1_5000,803002_5",10,,1334
1335,,1335,英雄进阶(绿+1）,Skill/10000204,将12个英雄进阶至绿色+1,508,1,1334,,1,7,12_2,"1_5000,803002_5",10,,1335
1336,,1336,英雄进阶(绿+1）,Skill/10000204,将13个英雄进阶至绿色+1,507,1,1335,,1,7,13_2,"1_5000,803002_5",10,,1336
1337,,1337,英雄进阶(绿+1）,Skill/10000204,将14个英雄进阶至绿色+1,506,1,1336,1,1,7,14_2,"1_5000,803002_5",10,,1337
1338,,1338,英雄进阶(绿+1）,Skill/10000204,将15个英雄进阶至绿色+1,505,1,1337,2,1,7,15_2,"1_5000,803002_5",10,,1338
1339,,1339,英雄进阶(绿+1）,Skill/10000204,将16个英雄进阶至绿色+1,504,1,1338,3,1,7,16_2,"1_5000,803002_5",10,,1339
1340,,1340,英雄进阶(绿+1）,Skill/10000204,将17个英雄进阶至绿色+1,503,1,1339,4,1,7,17_2,"1_5000,803002_5",10,,1340
1341,,1341,英雄进阶(绿+1）,Skill/10000204,将18个英雄进阶至绿色+1,502,1,1340,5,1,7,18_2,"1_5000,803002_5",10,,1341
1342,,1342,英雄进阶(绿+1）,Skill/10000204,将19个英雄进阶至绿色+1,501,1,1341,6,1,7,19_2,"1_5000,803002_5",10,,1342
1343,,1343,英雄进阶(绿+1）,Skill/10000204,将20个英雄进阶至绿色+1,500,1,1342,7,1,7,20_2,"1_5000,803002_5",10,,1343
1344,,1344,英雄进阶(绿+1）,Skill/10000204,将21个英雄进阶至绿色+1,499,1,1343,8,1,7,21_2,"1_5000,803002_5",10,,1344
1345,,1345,英雄进阶(绿+1）,Skill/10000204,将22个英雄进阶至绿色+1,498,1,1344,9,1,7,22_2,"1_5000,803002_5",10,,1345
1346,,1346,英雄进阶(绿+1）,Skill/10000204,将23个英雄进阶至绿色+1,497,1,1345,10,1,7,23_2,"1_5000,803002_5",10,,1346
1347,,1347,英雄进阶(绿+1）,Skill/10000204,将24个英雄进阶至绿色+1,496,1,1346,11,1,7,24_2,"1_5000,803002_5",10,,1347
1348,,1348,英雄进阶(绿+1）,Skill/10000204,将25个英雄进阶至绿色+1,495,1,1347,12,1,7,25_2,"1_5000,803002_5",10,,1348
1349,,1349,英雄进阶(绿+1）,Skill/10000204,将26个英雄进阶至绿色+1,494,1,1348,13,1,7,26_2,"1_5000,803002_5",10,,1349
1350,,1350,英雄进阶(绿+1）,Skill/10000204,将27个英雄进阶至绿色+1,493,1,1349,14,1,7,27_2,"1_5000,803002_5",10,,1350
1351,,1351,英雄进阶(绿+1）,Skill/10000204,将28个英雄进阶至绿色+1,492,1,1350,15,1,7,28_2,"1_5000,803002_5",10,,1351
1352,,1352,英雄进阶(绿+1）,Skill/10000204,将29个英雄进阶至绿色+1,491,1,1351,16,1,7,29_2,"1_5000,803002_5",10,,1352
1353,,1353,英雄进阶(绿+1）,Skill/10000204,将30个英雄进阶至绿色+1,490,1,1352,17,1,7,30_2,"1_5000,803002_5",10,,1353
1354,,1354,英雄进阶(绿+1）,Skill/10000204,将31个英雄进阶至绿色+1,489,1,1353,18,1,7,31_2,"1_5000,803002_5",10,,1354
1355,,1355,英雄进阶（绿色+2）,Skill/10001101,将1个英雄进阶至绿色+2,488,1,-1,26,1,7,1_3,"1_5000,803001_4",10,,1355
1356,,1356,英雄进阶（绿色+2）,Skill/10001101,将2个英雄进阶至绿色+2,487,1,1355,,1,7,2_3,"1_5000,803001_4",10,,1356
1357,,1357,英雄进阶（绿色+2）,Skill/10001101,将3个英雄进阶至绿色+2,486,1,1356,,1,7,3_3,"1_5000,803001_4",10,,1357
1358,,1358,英雄进阶（绿色+2）,Skill/10001101,将4个英雄进阶至绿色+2,485,1,1357,,1,7,4_3,"1_5000,803001_4",10,,1358
1359,,1359,英雄进阶（绿色+2）,Skill/10001101,将5个英雄进阶至绿色+2,484,1,1358,,1,7,5_3,"1_5000,803001_4",10,,1359
1360,,1360,英雄进阶（绿色+2）,Skill/10001101,将6个英雄进阶至绿色+2,483,1,1359,,1,7,6_3,"1_5000,803002_7",10,,1360
1361,,1361,英雄进阶（绿色+2）,Skill/10001101,将7个英雄进阶至绿色+2,482,1,1360,,1,7,7_3,"1_5000,803002_7",10,,1361
1362,,1362,英雄进阶（绿色+2）,Skill/10001101,将8个英雄进阶至绿色+2,481,1,1361,,1,7,8_3,"1_5000,803002_7",10,,1362
1363,,1363,英雄进阶（绿色+2）,Skill/10001101,将9个英雄进阶至绿色+2,480,1,1362,,1,7,9_3,"1_5000,803002_7",10,,1363
1364,,1364,英雄进阶（绿色+2）,Skill/10001101,将10个英雄进阶至绿色+2,479,1,1363,,1,7,10_3,"1_5000,803002_7",10,,1364
1365,,1365,英雄进阶（绿色+2）,Skill/10001101,将11个英雄进阶至绿色+2,478,1,1364,,1,7,11_3,"1_5000,803002_7",10,,1365
1366,,1366,英雄进阶（绿色+2）,Skill/10001101,将12个英雄进阶至绿色+2,477,1,1365,,1,7,12_3,"1_5000,803002_7",10,,1366
1367,,1367,英雄进阶（绿色+2）,Skill/10001101,将13个英雄进阶至绿色+2,476,1,1366,,1,7,13_3,"1_5000,803002_7",10,,1367
1368,,1368,英雄进阶（绿色+2）,Skill/10001101,将14个英雄进阶至绿色+2,475,1,1367,1,1,7,14_3,"1_5000,803002_7",10,,1368
1369,,1369,英雄进阶（绿色+2）,Skill/10001101,将15个英雄进阶至绿色+2,474,1,1368,2,1,7,15_3,"1_5000,803002_7",10,,1369
1370,,1370,英雄进阶（绿色+2）,Skill/10001101,将16个英雄进阶至绿色+2,473,1,1369,3,1,7,16_3,"1_5000,803002_7",10,,1370
1371,,1371,英雄进阶（绿色+2）,Skill/10001101,将17个英雄进阶至绿色+2,472,1,1370,4,1,7,17_3,"1_5000,803002_7",10,,1371
1372,,1372,英雄进阶（绿色+2）,Skill/10001101,将18个英雄进阶至绿色+2,471,1,1371,5,1,7,18_3,"1_5000,803002_7",10,,1372
1373,,1373,英雄进阶（绿色+2）,Skill/10001101,将19个英雄进阶至绿色+2,470,1,1372,6,1,7,19_3,"1_5000,803002_7",10,,1373
1374,,1374,英雄进阶（绿色+2）,Skill/10001101,将20个英雄进阶至绿色+2,469,1,1373,7,1,7,20_3,"1_5000,803002_7",10,,1374
1375,,1375,英雄进阶（绿色+2）,Skill/10001101,将21个英雄进阶至绿色+2,468,1,1374,8,1,7,21_3,"1_5000,803002_7",10,,1375
1376,,1376,英雄进阶（绿色+2）,Skill/10001101,将22个英雄进阶至绿色+2,467,1,1375,9,1,7,22_3,"1_5000,803002_7",10,,1376
1377,,1377,英雄进阶（绿色+2）,Skill/10001101,将23个英雄进阶至绿色+2,466,1,1376,10,1,7,23_3,"1_5000,803002_7",10,,1377
1378,,1378,英雄进阶（绿色+2）,Skill/10001101,将24个英雄进阶至绿色+2,465,1,1377,11,1,7,24_3,"1_5000,803002_7",10,,1378
1379,,1379,英雄进阶（绿色+2）,Skill/10001101,将25个英雄进阶至绿色+2,464,1,1378,12,1,7,25_3,"1_5000,803002_7",10,,1379
1380,,1380,英雄进阶（绿色+2）,Skill/10001101,将26个英雄进阶至绿色+2,463,1,1379,13,1,7,26_3,"1_5000,803002_7",10,,1380
1381,,1381,英雄进阶（绿色+2）,Skill/10001101,将27个英雄进阶至绿色+2,462,1,1380,14,1,7,27_3,"1_5000,803002_7",10,,1381
1382,,1382,英雄进阶（绿色+2）,Skill/10001101,将28个英雄进阶至绿色+2,461,1,1381,15,1,7,28_3,"1_5000,803002_7",10,,1382
1383,,1383,英雄进阶（绿色+2）,Skill/10001101,将29个英雄进阶至绿色+2,460,1,1382,16,1,7,29_3,"1_5000,803002_7",10,,1383
1384,,1384,英雄进阶（绿色+2）,Skill/10001101,将30个英雄进阶至绿色+2,459,1,1383,17,1,7,30_3,"1_5000,803002_7",10,,1384
1385,,1385,英雄进阶（绿色+2）,Skill/10001101,将31个英雄进阶至绿色+2,458,1,1384,18,1,7,31_3,"1_5000,803002_7",10,,1385
1386,,1386,英雄进阶（蓝）,Skill/10001102,将1个英雄进阶至蓝色,457,4,-1,32,1,7,1_4,"1_5000,803002_1",10,,1386
1387,,1387,英雄进阶（蓝）,Skill/10001102,将2个英雄进阶至蓝色,456,4,1386,,1,7,2_4,"1_5000,803002_1",10,,1387
1388,,1388,英雄进阶（蓝）,Skill/10001102,将3个英雄进阶至蓝色,455,4,1387,,1,7,3_4,"1_5000,803002_1",10,,1388
1389,,1389,英雄进阶（蓝）,Skill/10001102,将4个英雄进阶至蓝色,454,4,1388,,1,7,4_4,"1_5000,803002_1",10,,1389
1390,,1390,英雄进阶（蓝）,Skill/10001102,将5个英雄进阶至蓝色,453,4,1389,,1,7,5_4,"1_5000,803002_1",10,,1390
1391,,1391,英雄进阶（蓝）,Skill/10001102,将6个英雄进阶至蓝色,452,4,1390,,1,7,6_4,"1_5000,803003_1",10,,1391
1392,,1392,英雄进阶（蓝）,Skill/10001102,将7个英雄进阶至蓝色,451,4,1391,,1,7,7_4,"1_5000,803003_1",10,,1392
1393,,1393,英雄进阶（蓝）,Skill/10001102,将8个英雄进阶至蓝色,450,4,1392,,1,7,8_4,"1_5000,803003_1",10,,1393
1394,,1394,英雄进阶（蓝）,Skill/10001102,将9个英雄进阶至蓝色,449,4,1393,,1,7,9_4,"1_5000,803003_1",10,,1394
1395,,1395,英雄进阶（蓝）,Skill/10001102,将10个英雄进阶至蓝色,448,4,1394,,1,7,10_4,"1_5000,803003_1",10,,1395
1396,,1396,英雄进阶（蓝）,Skill/10001102,将11个英雄进阶至蓝色,447,4,1395,,1,7,11_4,"1_5000,803003_1",10,,1396
1397,,1397,英雄进阶（蓝）,Skill/10001102,将12个英雄进阶至蓝色,446,4,1396,,1,7,12_4,"1_5000,803003_1",10,,1397
1398,,1398,英雄进阶（蓝）,Skill/10001102,将13个英雄进阶至蓝色,445,4,1397,,1,7,13_4,"1_5000,803003_1",10,,1398
1399,,1399,英雄进阶（蓝）,Skill/10001102,将14个英雄进阶至蓝色,444,4,1398,1,1,7,14_4,"1_5000,803003_1",10,,1399
1400,,1400,英雄进阶（蓝）,Skill/10001102,将15个英雄进阶至蓝色,443,4,1399,2,1,7,15_4,"1_5000,803003_1",10,,1400
1401,,1401,英雄进阶（蓝）,Skill/10001102,将16个英雄进阶至蓝色,442,4,1400,3,1,7,16_4,"1_5000,803003_1",10,,1401
1402,,1402,英雄进阶（蓝）,Skill/10001102,将17个英雄进阶至蓝色,441,4,1401,4,1,7,17_4,"1_5000,803003_1",10,,1402
1403,,1403,英雄进阶（蓝）,Skill/10001102,将18个英雄进阶至蓝色,440,4,1402,5,1,7,18_4,"1_5000,803003_1",10,,1403
1404,,1404,英雄进阶（蓝）,Skill/10001102,将19个英雄进阶至蓝色,439,4,1403,6,1,7,19_4,"1_5000,803003_1",10,,1404
1405,,1405,英雄进阶（蓝）,Skill/10001102,将20个英雄进阶至蓝色,438,4,1404,7,1,7,20_4,"1_5000,803003_1",10,,1405
1406,,1406,英雄进阶（蓝）,Skill/10001102,将21个英雄进阶至蓝色,437,4,1405,8,1,7,21_4,"1_5000,803003_1",10,,1406
1407,,1407,英雄进阶（蓝）,Skill/10001102,将22个英雄进阶至蓝色,436,4,1406,9,1,7,22_4,"1_5000,803003_1",10,,1407
1408,,1408,英雄进阶（蓝）,Skill/10001102,将23个英雄进阶至蓝色,435,4,1407,10,1,7,23_4,"1_5000,803003_1",10,,1408
1409,,1409,英雄进阶（蓝）,Skill/10001102,将24个英雄进阶至蓝色,434,4,1408,11,1,7,24_4,"1_5000,803003_1",10,,1409
1410,,1410,英雄进阶（蓝）,Skill/10001102,将25个英雄进阶至蓝色,433,4,1409,12,1,7,25_4,"1_5000,803003_1",10,,1410
1411,,1411,英雄进阶（蓝）,Skill/10001102,将26个英雄进阶至蓝色,432,4,1410,13,1,7,26_4,"1_5000,803003_1",10,,1411
1412,,1412,英雄进阶（蓝）,Skill/10001102,将27个英雄进阶至蓝色,431,4,1411,14,1,7,27_4,"1_5000,803003_1",10,,1412
1413,,1413,英雄进阶（蓝）,Skill/10001102,将28个英雄进阶至蓝色,430,4,1412,15,1,7,28_4,"1_5000,803003_1",10,,1413
1414,,1414,英雄进阶（蓝）,Skill/10001102,将29个英雄进阶至蓝色,429,4,1413,16,1,7,29_4,"1_5000,803003_1",10,,1414
1415,,1415,英雄进阶（蓝）,Skill/10001102,将30个英雄进阶至蓝色,428,4,1414,17,1,7,30_4,"1_5000,803003_1",10,,1415
1416,,1416,英雄进阶（蓝）,Skill/10001102,将31个英雄进阶至蓝色,427,4,1415,18,1,7,31_4,"1_5000,803003_1",10,,1416
1417,,1417,英雄进阶（蓝+1）,Skill/20100204,将1个英雄进阶至蓝色+1,426,4,-1,38,1,7,1_5,"1_5000,803003_2",10,,1417
1418,,1418,英雄进阶（蓝+1）,Skill/20100204,将2个英雄进阶至蓝色+1,425,4,1417,,1,7,2_5,"1_5000,803003_2",10,,1418
1419,,1419,英雄进阶（蓝+1）,Skill/20100204,将3个英雄进阶至蓝色+1,424,4,1418,,1,7,3_5,"1_5000,803003_2",10,,1419
1420,,1420,英雄进阶（蓝+1）,Skill/20100204,将4个英雄进阶至蓝色+1,423,4,1419,,1,7,4_5,"1_5000,803003_2",10,,1420
1421,,1421,英雄进阶（蓝+1）,Skill/20100204,将5个英雄进阶至蓝色+1,422,4,1420,,1,7,5_5,"1_5000,803003_2",10,,1421
1422,,1422,英雄进阶（蓝+1）,Skill/20100204,将6个英雄进阶至蓝色+1,421,4,1421,,1,7,6_5,"1_5000,803003_2",10,,1422
1423,,1423,英雄进阶（蓝+1）,Skill/20100204,将7个英雄进阶至蓝色+1,420,4,1422,,1,7,7_5,"1_5000,803003_2",10,,1423
1424,,1424,英雄进阶（蓝+1）,Skill/20100204,将8个英雄进阶至蓝色+1,419,4,1423,,1,7,8_5,"1_5000,803003_2",10,,1424
1425,,1425,英雄进阶（蓝+1）,Skill/20100204,将9个英雄进阶至蓝色+1,418,4,1424,,1,7,9_5,"1_5000,803003_2",10,,1425
1426,,1426,英雄进阶（蓝+1）,Skill/20100204,将10个英雄进阶至蓝色+1,417,4,1425,,1,7,10_5,"1_5000,803003_2",10,,1426
1427,,1427,英雄进阶（蓝+1）,Skill/20100204,将11个英雄进阶至蓝色+1,416,4,1426,,1,7,11_5,"1_5000,803003_2",10,,1427
1428,,1428,英雄进阶（蓝+1）,Skill/20100204,将12个英雄进阶至蓝色+1,415,4,1427,,1,7,12_5,"1_5000,803003_2",10,,1428
1429,,1429,英雄进阶（蓝+1）,Skill/20100204,将13个英雄进阶至蓝色+1,414,4,1428,,1,7,13_5,"1_5000,803003_2",10,,1429
1430,,1430,英雄进阶（蓝+1）,Skill/20100204,将14个英雄进阶至蓝色+1,413,4,1429,1,1,7,14_5,"1_5000,803003_2",10,,1430
1431,,1431,英雄进阶（蓝+1）,Skill/20100204,将15个英雄进阶至蓝色+1,412,4,1430,2,1,7,15_5,"1_5000,803003_2",10,,1431
1432,,1432,英雄进阶（蓝+1）,Skill/20100204,将16个英雄进阶至蓝色+1,411,4,1431,3,1,7,16_5,"1_5000,803003_2",10,,1432
1433,,1433,英雄进阶（蓝+1）,Skill/20100204,将17个英雄进阶至蓝色+1,410,4,1432,4,1,7,17_5,"1_5000,803003_2",10,,1433
1434,,1434,英雄进阶（蓝+1）,Skill/20100204,将18个英雄进阶至蓝色+1,409,4,1433,5,1,7,18_5,"1_5000,803003_2",10,,1434
1435,,1435,英雄进阶（蓝+1）,Skill/20100204,将19个英雄进阶至蓝色+1,408,4,1434,6,1,7,19_5,"1_5000,803003_2",10,,1435
1436,,1436,英雄进阶（蓝+1）,Skill/20100204,将20个英雄进阶至蓝色+1,407,4,1435,7,1,7,20_5,"1_5000,803003_2",10,,1436
1437,,1437,英雄进阶（蓝+1）,Skill/20100204,将21个英雄进阶至蓝色+1,406,4,1436,8,1,7,21_5,"1_5000,803003_2",10,,1437
1438,,1438,英雄进阶（蓝+1）,Skill/20100204,将22个英雄进阶至蓝色+1,405,4,1437,9,1,7,22_5,"1_5000,803003_2",10,,1438
1439,,1439,英雄进阶（蓝+1）,Skill/20100204,将23个英雄进阶至蓝色+1,404,4,1438,10,1,7,23_5,"1_5000,803003_2",10,,1439
1440,,1440,英雄进阶（蓝+1）,Skill/20100204,将24个英雄进阶至蓝色+1,403,4,1439,11,1,7,24_5,"1_5000,803003_2",10,,1440
1441,,1441,英雄进阶（蓝+1）,Skill/20100204,将25个英雄进阶至蓝色+1,402,4,1440,12,1,7,25_5,"1_5000,803003_2",10,,1441
1442,,1442,英雄进阶（蓝+1）,Skill/20100204,将26个英雄进阶至蓝色+1,401,4,1441,13,1,7,26_5,"1_5000,803003_2",10,,1442
1443,,1443,英雄进阶（蓝+1）,Skill/20100204,将27个英雄进阶至蓝色+1,400,4,1442,14,1,7,27_5,"1_5000,803003_2",10,,1443
1444,,1444,英雄进阶（蓝+1）,Skill/20100204,将28个英雄进阶至蓝色+1,399,4,1443,15,1,7,28_5,"1_5000,803003_2",10,,1444
1445,,1445,英雄进阶（蓝+1）,Skill/20100204,将29个英雄进阶至蓝色+1,398,4,1444,16,1,7,29_5,"1_5000,803003_2",10,,1445
1446,,1446,英雄进阶（蓝+1）,Skill/20100204,将30个英雄进阶至蓝色+1,397,4,1445,17,1,7,30_5,"1_5000,803003_2",10,,1446
1447,,1447,英雄进阶（蓝+1）,Skill/20100204,将31个英雄进阶至蓝色+1,396,4,1446,18,1,7,31_5,"1_5000,803003_2",10,,1447
1448,,1448,英雄进阶（蓝+2）,Skill/20400204,将1个英雄进阶至蓝色+2,395,4,-1,43,1,7,1_6,"1_5000,803003_3",10,,1448
1449,,1449,英雄进阶（蓝+2）,Skill/20400204,将2个英雄进阶至蓝色+2,394,4,1448,,1,7,2_6,"1_5000,803003_3",10,,1449
1450,,1450,英雄进阶（蓝+2）,Skill/20400204,将3个英雄进阶至蓝色+2,393,4,1449,,1,7,3_6,"1_5000,803003_3",10,,1450
1451,,1451,英雄进阶（蓝+2）,Skill/20400204,将4个英雄进阶至蓝色+2,392,4,1450,,1,7,4_6,"1_5000,803003_3",10,,1451
1452,,1452,英雄进阶（蓝+2）,Skill/20400204,将5个英雄进阶至蓝色+2,391,4,1451,,1,7,5_6,"1_5000,803003_3",10,,1452
1453,,1453,英雄进阶（蓝+2）,Skill/20400204,将6个英雄进阶至蓝色+2,390,4,1452,,1,7,6_6,"1_5000,803003_3",10,,1453
1454,,1454,英雄进阶（蓝+2）,Skill/20400204,将7个英雄进阶至蓝色+2,389,4,1453,,1,7,7_6,"1_5000,803003_3",10,,1454
1455,,1455,英雄进阶（蓝+2）,Skill/20400204,将8个英雄进阶至蓝色+2,388,4,1454,,1,7,8_6,"1_5000,803003_3",10,,1455
1456,,1456,英雄进阶（蓝+2）,Skill/20400204,将9个英雄进阶至蓝色+2,387,4,1455,,1,7,9_6,"1_5000,803003_3",10,,1456
1457,,1457,英雄进阶（蓝+2）,Skill/20400204,将10个英雄进阶至蓝色+2,386,4,1456,,1,7,10_6,"1_5000,803003_3",10,,1457
1458,,1458,英雄进阶（蓝+2）,Skill/20400204,将11个英雄进阶至蓝色+2,385,4,1457,,1,7,11_6,"1_5000,803003_3",10,,1458
1459,,1459,英雄进阶（蓝+2）,Skill/20400204,将12个英雄进阶至蓝色+2,384,4,1458,,1,7,12_6,"1_5000,803003_3",10,,1459
1460,,1460,英雄进阶（蓝+2）,Skill/20400204,将13个英雄进阶至蓝色+2,383,4,1459,,1,7,13_6,"1_5000,803003_3",10,,1460
1461,,1461,英雄进阶（蓝+2）,Skill/20400204,将14个英雄进阶至蓝色+2,382,4,1460,,1,7,14_6,"1_5000,803003_3",10,,1461
1462,,1462,英雄进阶（蓝+2）,Skill/20400204,将15个英雄进阶至蓝色+2,381,4,1461,,1,7,15_6,"1_5000,803003_3",10,,1462
1463,,1463,英雄进阶（蓝+2）,Skill/20400204,将16个英雄进阶至蓝色+2,380,4,1462,,1,7,16_6,"1_5000,803003_3",10,,1463
1464,,1464,英雄进阶（蓝+2）,Skill/20400204,将17个英雄进阶至蓝色+2,379,4,1463,,1,7,17_6,"1_5000,803003_3",10,,1464
1465,,1465,英雄进阶（蓝+2）,Skill/20400204,将18个英雄进阶至蓝色+2,378,4,1464,,1,7,18_6,"1_5000,803003_3",10,,1465
1466,,1466,英雄进阶（蓝+2）,Skill/20400204,将19个英雄进阶至蓝色+2,377,4,1465,,1,7,19_6,"1_5000,803003_3",10,,1466
1467,,1467,英雄进阶（蓝+2）,Skill/20400204,将20个英雄进阶至蓝色+2,376,4,1466,,1,7,20_6,"1_5000,803003_3",10,,1467
1468,,1468,英雄进阶（蓝+2）,Skill/20400204,将21个英雄进阶至蓝色+2,375,4,1467,,1,7,21_6,"1_5000,803003_3",10,,1468
1469,,1469,英雄进阶（蓝+2）,Skill/20400204,将22个英雄进阶至蓝色+2,374,4,1468,,1,7,22_6,"1_5000,803003_3",10,,1469
1470,,1470,英雄进阶（蓝+2）,Skill/20400204,将23个英雄进阶至蓝色+2,373,4,1469,,1,7,23_6,"1_5000,803003_3",10,,1470
1471,,1471,英雄进阶（蓝+2）,Skill/20400204,将24个英雄进阶至蓝色+2,372,4,1470,,1,7,24_6,"1_5000,803003_3",10,,1471
1472,,1472,英雄进阶（蓝+2）,Skill/20400204,将25个英雄进阶至蓝色+2,371,4,1471,,1,7,25_6,"1_5000,803003_3",10,,1472
1473,,1473,英雄进阶（蓝+2）,Skill/20400204,将26个英雄进阶至蓝色+2,370,4,1472,,1,7,26_6,"1_5000,803003_3",10,,1473
1474,,1474,英雄进阶（蓝+2）,Skill/20400204,将27个英雄进阶至蓝色+2,369,4,1473,,1,7,27_6,"1_5000,803003_3",10,,1474
1475,,1475,英雄进阶（蓝+2）,Skill/20400204,将28个英雄进阶至蓝色+2,368,4,1474,,1,7,28_6,"1_5000,803003_3",10,,1475
1476,,1476,英雄进阶（蓝+2）,Skill/20400204,将29个英雄进阶至蓝色+2,367,4,1475,,1,7,29_6,"1_5000,803003_3",10,,1476
1477,,1477,英雄进阶（蓝+2）,Skill/20400204,将30个英雄进阶至蓝色+2,366,4,1476,,1,7,30_6,"1_5000,803003_3",10,,1477
1478,,1478,英雄进阶（蓝+2）,Skill/20400204,将31个英雄进阶至蓝色+2,365,4,1477,,1,7,31_6,"1_5000,803003_3",10,,1478
1479,,1479,英雄进阶（蓝+3）,Skill/20300401,将1个英雄进阶至蓝色+3,364,4,-1,46,1,7,1_7,"1_5000,803003_4",10,,1479
1480,,1480,英雄进阶（蓝+3）,Skill/20300401,将2个英雄进阶至蓝色+3,363,4,1479,,1,7,2_7,"1_5000,803003_4",10,,1480
1481,,1481,英雄进阶（蓝+3）,Skill/20300401,将3个英雄进阶至蓝色+3,362,4,1480,,1,7,3_7,"1_5000,803003_4",10,,1481
1482,,1482,英雄进阶（蓝+3）,Skill/20300401,将4个英雄进阶至蓝色+3,361,4,1481,,1,7,4_7,"1_5000,803003_4",10,,1482
1483,,1483,英雄进阶（蓝+3）,Skill/20300401,将5个英雄进阶至蓝色+3,360,4,1482,,1,7,5_7,"1_5000,803003_4",10,,1483
1484,,1484,英雄进阶（蓝+3）,Skill/20300401,将6个英雄进阶至蓝色+3,359,4,1483,,1,7,6_7,"1_5000,803003_4",10,,1484
1485,,1485,英雄进阶（蓝+3）,Skill/20300401,将7个英雄进阶至蓝色+3,358,4,1484,,1,7,7_7,"1_5000,803003_4",10,,1485
1486,,1486,英雄进阶（蓝+3）,Skill/20300401,将8个英雄进阶至蓝色+3,357,4,1485,,1,7,8_7,"1_5000,803003_4",10,,1486
1487,,1487,英雄进阶（蓝+3）,Skill/20300401,将9个英雄进阶至蓝色+3,356,4,1486,,1,7,9_7,"1_5000,803003_4",10,,1487
1488,,1488,英雄进阶（蓝+3）,Skill/20300401,将10个英雄进阶至蓝色+3,355,4,1487,,1,7,10_7,"1_5000,803003_4",10,,1488
1489,,1489,英雄进阶（蓝+3）,Skill/20300401,将11个英雄进阶至蓝色+3,354,4,1488,,1,7,11_7,"1_5000,803003_4",10,,1489
1490,,1490,英雄进阶（蓝+3）,Skill/20300401,将12个英雄进阶至蓝色+3,353,4,1489,,1,7,12_7,"1_5000,803003_4",10,,1490
1491,,1491,英雄进阶（蓝+3）,Skill/20300401,将13个英雄进阶至蓝色+3,352,4,1490,,1,7,13_7,"1_5000,803003_4",10,,1491
1492,,1492,英雄进阶（蓝+3）,Skill/20300401,将14个英雄进阶至蓝色+3,351,4,1491,,1,7,14_7,"1_5000,803003_4",10,,1492
1493,,1493,英雄进阶（蓝+3）,Skill/20300401,将15个英雄进阶至蓝色+3,350,4,1492,,1,7,15_7,"1_5000,803003_4",10,,1493
1494,,1494,英雄进阶（蓝+3）,Skill/20300401,将16个英雄进阶至蓝色+3,349,4,1493,,1,7,16_7,"1_5000,803003_4",10,,1494
1495,,1495,英雄进阶（蓝+3）,Skill/20300401,将17个英雄进阶至蓝色+3,348,4,1494,,1,7,17_7,"1_5000,803003_4",10,,1495
1496,,1496,英雄进阶（蓝+3）,Skill/20300401,将18个英雄进阶至蓝色+3,347,4,1495,,1,7,18_7,"1_5000,803003_4",10,,1496
1497,,1497,英雄进阶（蓝+3）,Skill/20300401,将19个英雄进阶至蓝色+3,346,4,1496,,1,7,19_7,"1_5000,803003_4",10,,1497
1498,,1498,英雄进阶（蓝+3）,Skill/20300401,将20个英雄进阶至蓝色+3,345,4,1497,,1,7,20_7,"1_5000,803003_4",10,,1498
1499,,1499,英雄进阶（蓝+3）,Skill/20300401,将21个英雄进阶至蓝色+3,344,4,1498,,1,7,21_7,"1_5000,803003_4",10,,1499
1500,,1500,英雄进阶（蓝+3）,Skill/20300401,将22个英雄进阶至蓝色+3,343,4,1499,,1,7,22_7,"1_5000,803003_4",10,,1500
1501,,1501,英雄进阶（蓝+3）,Skill/20300401,将23个英雄进阶至蓝色+3,342,4,1500,,1,7,23_7,"1_5000,803003_4",10,,1501
1502,,1502,英雄进阶（蓝+3）,Skill/20300401,将24个英雄进阶至蓝色+3,341,4,1501,,1,7,24_7,"1_5000,803003_4",10,,1502
1503,,1503,英雄进阶（蓝+3）,Skill/20300401,将25个英雄进阶至蓝色+3,340,4,1502,,1,7,25_7,"1_5000,803003_4",10,,1503
1504,,1504,英雄进阶（蓝+3）,Skill/20300401,将26个英雄进阶至蓝色+3,339,4,1503,,1,7,26_7,"1_5000,803003_4",10,,1504
1505,,1505,英雄进阶（蓝+3）,Skill/20300401,将27个英雄进阶至蓝色+3,338,4,1504,,1,7,27_7,"1_5000,803003_4",10,,1505
1506,,1506,英雄进阶（蓝+3）,Skill/20300401,将28个英雄进阶至蓝色+3,337,4,1505,,1,7,28_7,"1_5000,803003_4",10,,1506
1507,,1507,英雄进阶（蓝+3）,Skill/20300401,将29个英雄进阶至蓝色+3,336,4,1506,,1,7,29_7,"1_5000,803003_4",10,,1507
1508,,1508,英雄进阶（蓝+3）,Skill/20300401,将30个英雄进阶至蓝色+3,335,4,1507,,1,7,30_7,"1_5000,803003_4",10,,1508
1509,,1509,英雄进阶（蓝+3）,Skill/20300401,将31个英雄进阶至蓝色+3,334,4,1508,,1,7,31_7,"1_5000,803003_4",10,,1509
1510,,1510,英雄进阶（紫）,Skill/20300402,将1个英雄进阶至紫色,333,8,-1,48,1,7,1_8,"1_5000,803004_1",10,,1510
1511,,1511,英雄进阶（紫）,Skill/20300402,将2个英雄进阶至紫色,332,8,1510,,1,7,2_8,"1_5000,803004_1",10,,1511
1512,,1512,英雄进阶（紫）,Skill/20300402,将3个英雄进阶至紫色,331,8,1511,,1,7,3_8,"1_5000,803004_1",10,,1512
1513,,1513,英雄进阶（紫）,Skill/20300402,将4个英雄进阶至紫色,330,8,1512,,1,7,4_8,"1_5000,803004_1",10,,1513
1514,,1514,英雄进阶（紫）,Skill/20300402,将5个英雄进阶至紫色,329,8,1513,,1,7,5_8,"1_5000,803004_1",10,,1514
1515,,1515,英雄进阶（紫）,Skill/20300402,将6个英雄进阶至紫色,328,8,1514,,1,7,6_8,"1_5000,803004_1",10,,1515
1516,,1516,英雄进阶（紫）,Skill/20300402,将7个英雄进阶至紫色,327,8,1515,,1,7,7_8,"1_5000,803004_1",10,,1516
1517,,1517,英雄进阶（紫）,Skill/20300402,将8个英雄进阶至紫色,326,8,1516,,1,7,8_8,"1_5000,803004_1",10,,1517
1518,,1518,英雄进阶（紫）,Skill/20300402,将9个英雄进阶至紫色,325,8,1517,,1,7,9_8,"1_5000,803004_1",10,,1518
1519,,1519,英雄进阶（紫）,Skill/20300402,将10个英雄进阶至紫色,324,8,1518,,1,7,10_8,"1_5000,803004_1",10,,1519
1520,,1520,英雄进阶（紫）,Skill/20300402,将11个英雄进阶至紫色,323,8,1519,,1,7,11_8,"1_5000,803004_1",10,,1520
1521,,1521,英雄进阶（紫）,Skill/20300402,将12个英雄进阶至紫色,322,8,1520,,1,7,12_8,"1_5000,803004_1",10,,1521
1522,,1522,英雄进阶（紫）,Skill/20300402,将13个英雄进阶至紫色,321,8,1521,,1,7,13_8,"1_5000,803004_1",10,,1522
1523,,1523,英雄进阶（紫）,Skill/20300402,将14个英雄进阶至紫色,320,8,1522,,1,7,14_8,"1_5000,803004_1",10,,1523
1524,,1524,英雄进阶（紫）,Skill/20300402,将15个英雄进阶至紫色,319,8,1523,,1,7,15_8,"1_5000,803004_1",10,,1524
1525,,1525,英雄进阶（紫）,Skill/20300402,将16个英雄进阶至紫色,318,8,1524,,1,7,16_8,"1_5000,803004_1",10,,1525
1526,,1526,英雄进阶（紫）,Skill/20300402,将17个英雄进阶至紫色,317,8,1525,,1,7,17_8,"1_5000,803004_1",10,,1526
1527,,1527,英雄进阶（紫）,Skill/20300402,将18个英雄进阶至紫色,316,8,1526,,1,7,18_8,"1_5000,803004_1",10,,1527
1528,,1528,英雄进阶（紫）,Skill/20300402,将19个英雄进阶至紫色,315,8,1527,,1,7,19_8,"1_5000,803004_1",10,,1528
1529,,1529,英雄进阶（紫）,Skill/20300402,将20个英雄进阶至紫色,314,8,1528,,1,7,20_8,"1_5000,803004_1",10,,1529
1530,,1530,英雄进阶（紫）,Skill/20300402,将21个英雄进阶至紫色,313,8,1529,,1,7,21_8,"1_5000,803004_1",10,,1530
1531,,1531,英雄进阶（紫）,Skill/20300402,将22个英雄进阶至紫色,312,8,1530,,1,7,22_8,"1_5000,803004_1",10,,1531
1532,,1532,英雄进阶（紫）,Skill/20300402,将23个英雄进阶至紫色,311,8,1531,,1,7,23_8,"1_5000,803004_1",10,,1532
1533,,1533,英雄进阶（紫）,Skill/20300402,将24个英雄进阶至紫色,310,8,1532,,1,7,24_8,"1_5000,803004_1",10,,1533
1534,,1534,英雄进阶（紫）,Skill/20300402,将25个英雄进阶至紫色,309,8,1533,,1,7,25_8,"1_5000,803004_1",10,,1534
1535,,1535,英雄进阶（紫）,Skill/20300402,将26个英雄进阶至紫色,308,8,1534,,1,7,26_8,"1_5000,803004_1",10,,1535
1536,,1536,英雄进阶（紫）,Skill/20300402,将27个英雄进阶至紫色,307,8,1535,,1,7,27_8,"1_5000,803004_1",10,,1536
1537,,1537,英雄进阶（紫）,Skill/20300402,将28个英雄进阶至紫色,306,8,1536,,1,7,28_8,"1_5000,803004_1",10,,1537
1538,,1538,英雄进阶（紫）,Skill/20300402,将29个英雄进阶至紫色,305,8,1537,,1,7,29_8,"1_5000,803004_1",10,,1538
1539,,1539,英雄进阶（紫）,Skill/20300402,将30个英雄进阶至紫色,304,8,1538,,1,7,30_8,"1_5000,803004_1",10,,1539
1540,,1540,英雄进阶（紫）,Skill/20300402,将31个英雄进阶至紫色,303,8,1539,,1,7,31_8,"1_5000,803004_1",10,,1540
1541,,1541,英雄进阶（紫+1）,Skill/20300104,将1个英雄进阶至紫色+1,302,8,-1,50,1,7,1_9,"1_5000,803004_2",10,,1541
1542,,1542,英雄进阶（紫+1）,Skill/20300104,将2个英雄进阶至紫色+1,301,8,1541,,1,7,2_9,"1_5000,803004_2",10,,1542
1543,,1543,英雄进阶（紫+1）,Skill/20300104,将3个英雄进阶至紫色+1,300,8,1542,,1,7,3_9,"1_5000,803004_2",10,,1543
1544,,1544,英雄进阶（紫+1）,Skill/20300104,将4个英雄进阶至紫色+1,299,8,1543,,1,7,4_9,"1_5000,803004_2",10,,1544
1545,,1545,英雄进阶（紫+1）,Skill/20300104,将5个英雄进阶至紫色+1,298,8,1544,,1,7,5_9,"1_5000,803004_2",10,,1545
1546,,1546,英雄进阶（紫+1）,Skill/20300104,将6个英雄进阶至紫色+1,297,8,1545,,1,7,6_9,"1_5000,803004_2",10,,1546
1547,,1547,英雄进阶（紫+1）,Skill/20300104,将7个英雄进阶至紫色+1,296,8,1546,,1,7,7_9,"1_5000,803004_2",10,,1547
1548,,1548,英雄进阶（紫+1）,Skill/20300104,将8个英雄进阶至紫色+1,295,8,1547,,1,7,8_9,"1_5000,803004_2",10,,1548
1549,,1549,英雄进阶（紫+1）,Skill/20300104,将9个英雄进阶至紫色+1,294,8,1548,,1,7,9_9,"1_5000,803004_2",10,,1549
1550,,1550,英雄进阶（紫+1）,Skill/20300104,将10个英雄进阶至紫色+1,293,8,1549,,1,7,10_9,"1_5000,803004_2",10,,1550
1551,,1551,英雄进阶（紫+1）,Skill/20300104,将11个英雄进阶至紫色+1,292,8,1550,,1,7,11_9,"1_5000,803004_2",10,,1551
1552,,1552,英雄进阶（紫+1）,Skill/20300104,将12个英雄进阶至紫色+1,291,8,1551,,1,7,12_9,"1_5000,803004_2",10,,1552
1553,,1553,英雄进阶（紫+1）,Skill/20300104,将13个英雄进阶至紫色+1,290,8,1552,,1,7,13_9,"1_5000,803004_2",10,,1553
1554,,1554,英雄进阶（紫+1）,Skill/20300104,将14个英雄进阶至紫色+1,289,8,1553,,1,7,14_9,"1_5000,803004_2",10,,1554
1555,,1555,英雄进阶（紫+1）,Skill/20300104,将15个英雄进阶至紫色+1,288,8,1554,,1,7,15_9,"1_5000,803004_2",10,,1555
1556,,1556,英雄进阶（紫+1）,Skill/20300104,将16个英雄进阶至紫色+1,287,8,1555,,1,7,16_9,"1_5000,803004_2",10,,1556
1557,,1557,英雄进阶（紫+1）,Skill/20300104,将17个英雄进阶至紫色+1,286,8,1556,,1,7,17_9,"1_5000,803004_2",10,,1557
1558,,1558,英雄进阶（紫+1）,Skill/20300104,将18个英雄进阶至紫色+1,285,8,1557,,1,7,18_9,"1_5000,803004_2",10,,1558
1559,,1559,英雄进阶（紫+1）,Skill/20300104,将19个英雄进阶至紫色+1,284,8,1558,,1,7,19_9,"1_5000,803004_2",10,,1559
1560,,1560,英雄进阶（紫+1）,Skill/20300104,将20个英雄进阶至紫色+1,283,8,1559,,1,7,20_9,"1_5000,803004_2",10,,1560
1561,,1561,英雄进阶（紫+1）,Skill/20300104,将21个英雄进阶至紫色+1,282,8,1560,,1,7,21_9,"1_5000,803004_2",10,,1561
1562,,1562,英雄进阶（紫+1）,Skill/20300104,将22个英雄进阶至紫色+1,281,8,1561,,1,7,22_9,"1_5000,803004_2",10,,1562
1563,,1563,英雄进阶（紫+1）,Skill/20300104,将23个英雄进阶至紫色+1,280,8,1562,,1,7,23_9,"1_5000,803004_2",10,,1563
1564,,1564,英雄进阶（紫+1）,Skill/20300104,将24个英雄进阶至紫色+1,279,8,1563,,1,7,24_9,"1_5000,803004_2",10,,1564
1565,,1565,英雄进阶（紫+1）,Skill/20300104,将25个英雄进阶至紫色+1,278,8,1564,,1,7,25_9,"1_5000,803004_2",10,,1565
1566,,1566,英雄进阶（紫+1）,Skill/20300104,将26个英雄进阶至紫色+1,277,8,1565,,1,7,26_9,"1_5000,803004_2",10,,1566
1567,,1567,英雄进阶（紫+1）,Skill/20300104,将27个英雄进阶至紫色+1,276,8,1566,,1,7,27_9,"1_5000,803004_2",10,,1567
1568,,1568,英雄进阶（紫+1）,Skill/20300104,将28个英雄进阶至紫色+1,275,8,1567,,1,7,28_9,"1_5000,803004_2",10,,1568
1569,,1569,英雄进阶（紫+1）,Skill/20300104,将29个英雄进阶至紫色+1,274,8,1568,,1,7,29_9,"1_5000,803004_2",10,,1569
1570,,1570,英雄进阶（紫+1）,Skill/20300104,将30个英雄进阶至紫色+1,273,8,1569,,1,7,30_9,"1_5000,803004_2",10,,1570
1571,,1571,英雄进阶（紫+1）,Skill/20300104,将31个英雄进阶至紫色+1,272,8,1570,,1,7,31_9,"1_5000,803004_2",10,,1571
1572,,1572,英雄进阶（紫+2）,Skill/20400204,将1个英雄进阶至紫色+2,271,8,-1,52,1,7,1_10,"1_5000,803004_3",10,,1572
1573,,1573,英雄进阶（紫+2）,Skill/20400204,将2个英雄进阶至紫色+2,270,8,1572,,1,7,2_10,"1_5000,803004_3",10,,1573
1574,,1574,英雄进阶（紫+2）,Skill/20400204,将3个英雄进阶至紫色+2,269,8,1573,,1,7,3_10,"1_5000,803004_3",10,,1574
1575,,1575,英雄进阶（紫+2）,Skill/20400204,将4个英雄进阶至紫色+2,268,8,1574,,1,7,4_10,"1_5000,803004_3",10,,1575
1576,,1576,英雄进阶（紫+2）,Skill/20400204,将5个英雄进阶至紫色+2,267,8,1575,,1,7,5_10,"1_5000,803004_3",10,,1576
1577,,1577,英雄进阶（紫+2）,Skill/20400204,将6个英雄进阶至紫色+2,266,8,1576,,1,7,6_10,"1_5000,803004_3",10,,1577
1578,,1578,英雄进阶（紫+2）,Skill/20400204,将7个英雄进阶至紫色+2,265,8,1577,,1,7,7_10,"1_5000,803004_3",10,,1578
1579,,1579,英雄进阶（紫+2）,Skill/20400204,将8个英雄进阶至紫色+2,264,8,1578,,1,7,8_10,"1_5000,803004_3",10,,1579
1580,,1580,英雄进阶（紫+2）,Skill/20400204,将9个英雄进阶至紫色+2,263,8,1579,,1,7,9_10,"1_5000,803004_3",10,,1580
1581,,1581,英雄进阶（紫+2）,Skill/20400204,将10个英雄进阶至紫色+2,262,8,1580,,1,7,10_10,"1_5000,803004_3",10,,1581
1582,,1582,英雄进阶（紫+2）,Skill/20400204,将11个英雄进阶至紫色+2,261,8,1581,,1,7,11_10,"1_5000,803004_3",10,,1582
1583,,1583,英雄进阶（紫+2）,Skill/20400204,将12个英雄进阶至紫色+2,260,8,1582,,1,7,12_10,"1_5000,803004_3",10,,1583
1584,,1584,英雄进阶（紫+2）,Skill/20400204,将13个英雄进阶至紫色+2,259,8,1583,,1,7,13_10,"1_5000,803004_3",10,,1584
1585,,1585,英雄进阶（紫+2）,Skill/20400204,将14个英雄进阶至紫色+2,258,8,1584,,1,7,14_10,"1_5000,803004_3",10,,1585
1586,,1586,英雄进阶（紫+2）,Skill/20400204,将15个英雄进阶至紫色+2,257,8,1585,,1,7,15_10,"1_5000,803004_3",10,,1586
1587,,1587,英雄进阶（紫+2）,Skill/20400204,将16个英雄进阶至紫色+2,256,8,1586,,1,7,16_10,"1_5000,803004_3",10,,1587
1588,,1588,英雄进阶（紫+2）,Skill/20400204,将17个英雄进阶至紫色+2,255,8,1587,,1,7,17_10,"1_5000,803004_3",10,,1588
1589,,1589,英雄进阶（紫+2）,Skill/20400204,将18个英雄进阶至紫色+2,254,8,1588,,1,7,18_10,"1_5000,803004_3",10,,1589
1590,,1590,英雄进阶（紫+2）,Skill/20400204,将19个英雄进阶至紫色+2,253,8,1589,,1,7,19_10,"1_5000,803004_3",10,,1590
1591,,1591,英雄进阶（紫+2）,Skill/20400204,将20个英雄进阶至紫色+2,252,8,1590,,1,7,20_10,"1_5000,803004_3",10,,1591
1592,,1592,英雄进阶（紫+2）,Skill/20400204,将21个英雄进阶至紫色+2,251,8,1591,,1,7,21_10,"1_5000,803004_3",10,,1592
1593,,1593,英雄进阶（紫+2）,Skill/20400204,将22个英雄进阶至紫色+2,250,8,1592,,1,7,22_10,"1_5000,803004_3",10,,1593
1594,,1594,英雄进阶（紫+2）,Skill/20400204,将23个英雄进阶至紫色+2,249,8,1593,,1,7,23_10,"1_5000,803004_3",10,,1594
1595,,1595,英雄进阶（紫+2）,Skill/20400204,将24个英雄进阶至紫色+2,248,8,1594,,1,7,24_10,"1_5000,803004_3",10,,1595
1596,,1596,英雄进阶（紫+2）,Skill/20400204,将25个英雄进阶至紫色+2,247,8,1595,,1,7,25_10,"1_5000,803004_3",10,,1596
1597,,1597,英雄进阶（紫+2）,Skill/20400204,将26个英雄进阶至紫色+2,246,8,1596,,1,7,26_10,"1_5000,803004_3",10,,1597
1598,,1598,英雄进阶（紫+2）,Skill/20400204,将27个英雄进阶至紫色+2,245,8,1597,,1,7,27_10,"1_5000,803004_3",10,,1598
1599,,1599,英雄进阶（紫+2）,Skill/20400204,将28个英雄进阶至紫色+2,244,8,1598,,1,7,28_10,"1_5000,803004_3",10,,1599
1600,,1600,英雄进阶（紫+2）,Skill/20400204,将29个英雄进阶至紫色+2,243,8,1599,,1,7,29_10,"1_5000,803004_3",10,,1600
1601,,1601,英雄进阶（紫+2）,Skill/20400204,将30个英雄进阶至紫色+2,242,8,1600,,1,7,30_10,"1_5000,803004_3",10,,1601
1602,,1602,英雄进阶（紫+2）,Skill/20400204,将31个英雄进阶至紫色+2,241,8,1601,,1,7,31_10,"1_5000,803004_3",10,,1602
1603,,1603,英雄进阶（紫+3）,Skill/10000503,将1个英雄进阶至紫色+3,240,8,-1,54,1,7,1_11,"1_5000,803004_4",10,,1603
1604,,1604,英雄进阶（紫+3）,Skill/10000503,将2个英雄进阶至紫色+3,239,8,1603,,1,7,2_11,"1_5000,803004_4",10,,1604
1605,,1605,英雄进阶（紫+3）,Skill/10000503,将3个英雄进阶至紫色+3,238,8,1604,,1,7,3_11,"1_5000,803004_4",10,,1605
1606,,1606,英雄进阶（紫+3）,Skill/10000503,将4个英雄进阶至紫色+3,237,8,1605,,1,7,4_11,"1_5000,803004_4",10,,1606
1607,,1607,英雄进阶（紫+3）,Skill/10000503,将5个英雄进阶至紫色+3,236,8,1606,,1,7,5_11,"1_5000,803004_4",10,,1607
1608,,1608,英雄进阶（紫+3）,Skill/10000503,将6个英雄进阶至紫色+3,235,8,1607,,1,7,6_11,"1_5000,803004_4",10,,1608
1609,,1609,英雄进阶（紫+3）,Skill/10000503,将7个英雄进阶至紫色+3,234,8,1608,,1,7,7_11,"1_5000,803004_4",10,,1609
1610,,1610,英雄进阶（紫+3）,Skill/10000503,将8个英雄进阶至紫色+3,233,8,1609,,1,7,8_11,"1_5000,803004_4",10,,1610
1611,,1611,英雄进阶（紫+3）,Skill/10000503,将9个英雄进阶至紫色+3,232,8,1610,,1,7,9_11,"1_5000,803004_4",10,,1611
1612,,1612,英雄进阶（紫+3）,Skill/10000503,将10个英雄进阶至紫色+3,231,8,1611,,1,7,10_11,"1_5000,803004_4",10,,1612
1613,,1613,英雄进阶（紫+3）,Skill/10000503,将11个英雄进阶至紫色+3,230,8,1612,,1,7,11_11,"1_5000,803004_4",10,,1613
1614,,1614,英雄进阶（紫+3）,Skill/10000503,将12个英雄进阶至紫色+3,229,8,1613,,1,7,12_11,"1_5000,803004_4",10,,1614
1615,,1615,英雄进阶（紫+3）,Skill/10000503,将13个英雄进阶至紫色+3,228,8,1614,,1,7,13_11,"1_5000,803004_4",10,,1615
1616,,1616,英雄进阶（紫+3）,Skill/10000503,将14个英雄进阶至紫色+3,227,8,1615,,1,7,14_11,"1_5000,803004_4",10,,1616
1617,,1617,英雄进阶（紫+3）,Skill/10000503,将15个英雄进阶至紫色+3,226,8,1616,,1,7,15_11,"1_5000,803004_4",10,,1617
1618,,1618,英雄进阶（紫+3）,Skill/10000503,将16个英雄进阶至紫色+3,225,8,1617,,1,7,16_11,"1_5000,803004_4",10,,1618
1619,,1619,英雄进阶（紫+3）,Skill/10000503,将17个英雄进阶至紫色+3,224,8,1618,,1,7,17_11,"1_5000,803004_4",10,,1619
1620,,1620,英雄进阶（紫+3）,Skill/10000503,将18个英雄进阶至紫色+3,223,8,1619,,1,7,18_11,"1_5000,803004_4",10,,1620
1621,,1621,英雄进阶（紫+3）,Skill/10000503,将19个英雄进阶至紫色+3,222,8,1620,,1,7,19_11,"1_5000,803004_4",10,,1621
1622,,1622,英雄进阶（紫+3）,Skill/10000503,将20个英雄进阶至紫色+3,221,8,1621,,1,7,20_11,"1_5000,803004_4",10,,1622
1623,,1623,英雄进阶（紫+3）,Skill/10000503,将21个英雄进阶至紫色+3,220,8,1622,,1,7,21_11,"1_5000,803004_4",10,,1623
1624,,1624,英雄进阶（紫+3）,Skill/10000503,将22个英雄进阶至紫色+3,219,8,1623,,1,7,22_11,"1_5000,803004_4",10,,1624
1625,,1625,英雄进阶（紫+3）,Skill/10000503,将23个英雄进阶至紫色+3,218,8,1624,,1,7,23_11,"1_5000,803004_4",10,,1625
1626,,1626,英雄进阶（紫+3）,Skill/10000503,将24个英雄进阶至紫色+3,217,8,1625,,1,7,24_11,"1_5000,803004_4",10,,1626
1627,,1627,英雄进阶（紫+3）,Skill/10000503,将25个英雄进阶至紫色+3,216,8,1626,,1,7,25_11,"1_5000,803004_4",10,,1627
1628,,1628,英雄进阶（紫+3）,Skill/10000503,将26个英雄进阶至紫色+3,215,8,1627,,1,7,26_11,"1_5000,803004_4",10,,1628
1629,,1629,英雄进阶（紫+3）,Skill/10000503,将27个英雄进阶至紫色+3,214,8,1628,,1,7,27_11,"1_5000,803004_4",10,,1629
1630,,1630,英雄进阶（紫+3）,Skill/10000503,将28个英雄进阶至紫色+3,213,8,1629,,1,7,28_11,"1_5000,803004_4",10,,1630
1631,,1631,英雄进阶（紫+3）,Skill/10000503,将29个英雄进阶至紫色+3,212,8,1630,,1,7,29_11,"1_5000,803004_4",10,,1631
1632,,1632,英雄进阶（紫+3）,Skill/10000503,将30个英雄进阶至紫色+3,211,8,1631,,1,7,30_11,"1_5000,803004_4",10,,1632
1633,,1633,英雄进阶（紫+3）,Skill/10000503,将31个英雄进阶至紫色+3,210,8,1632,,1,7,31_11,"1_5000,803004_4",10,,1633
1634,,1634,英雄进阶（紫+4）,Skill/20000104,将1个英雄进阶至紫色+4,209,8,-1,56,1,7,1_12,"1_5000,803004_5",10,,1634
1635,,1635,英雄进阶（紫+4）,Skill/20000104,将2个英雄进阶至紫色+4,208,8,1634,,1,7,2_12,"1_5000,803004_5",10,,1635
1636,,1636,英雄进阶（紫+4）,Skill/20000104,将3个英雄进阶至紫色+4,207,8,1635,,1,7,3_12,"1_5000,803004_5",10,,1636
1637,,1637,英雄进阶（紫+4）,Skill/20000104,将4个英雄进阶至紫色+4,206,8,1636,,1,7,4_12,"1_5000,803004_5",10,,1637
1638,,1638,英雄进阶（紫+4）,Skill/20000104,将5个英雄进阶至紫色+4,205,8,1637,,1,7,5_12,"1_5000,803004_5",10,,1638
1639,,1639,英雄进阶（紫+4）,Skill/20000104,将6个英雄进阶至紫色+4,204,8,1638,,1,7,6_12,"1_5000,803004_5",10,,1639
1640,,1640,英雄进阶（紫+4）,Skill/20000104,将7个英雄进阶至紫色+4,203,8,1639,,1,7,7_12,"1_5000,803004_5",10,,1640
1641,,1641,英雄进阶（紫+4）,Skill/20000104,将8个英雄进阶至紫色+4,202,8,1640,,1,7,8_12,"1_5000,803004_5",10,,1641
1642,,1642,英雄进阶（紫+4）,Skill/20000104,将9个英雄进阶至紫色+4,201,8,1641,,1,7,9_12,"1_5000,803004_5",10,,1642
1643,,1643,英雄进阶（紫+4）,Skill/20000104,将10个英雄进阶至紫色+4,200,8,1642,,1,7,10_12,"1_5000,803004_5",10,,1643
1644,,1644,英雄进阶（紫+4）,Skill/20000104,将11个英雄进阶至紫色+4,199,8,1643,,1,7,11_12,"1_5000,803004_5",10,,1644
1645,,1645,英雄进阶（紫+4）,Skill/20000104,将12个英雄进阶至紫色+4,198,8,1644,,1,7,12_12,"1_5000,803004_5",10,,1645
1646,,1646,英雄进阶（紫+4）,Skill/20000104,将13个英雄进阶至紫色+4,197,8,1645,,1,7,13_12,"1_5000,803004_5",10,,1646
1647,,1647,英雄进阶（紫+4）,Skill/20000104,将14个英雄进阶至紫色+4,196,8,1646,,1,7,14_12,"1_5000,803004_5",10,,1647
1648,,1648,英雄进阶（紫+4）,Skill/20000104,将15个英雄进阶至紫色+4,195,8,1647,,1,7,15_12,"1_5000,803004_5",10,,1648
1649,,1649,英雄进阶（紫+4）,Skill/20000104,将16个英雄进阶至紫色+4,194,8,1648,,1,7,16_12,"1_5000,803004_5",10,,1649
1650,,1650,英雄进阶（紫+4）,Skill/20000104,将17个英雄进阶至紫色+4,193,8,1649,,1,7,17_12,"1_5000,803004_5",10,,1650
1651,,1651,英雄进阶（紫+4）,Skill/20000104,将18个英雄进阶至紫色+4,192,8,1650,,1,7,18_12,"1_5000,803004_5",10,,1651
1652,,1652,英雄进阶（紫+4）,Skill/20000104,将19个英雄进阶至紫色+4,191,8,1651,,1,7,19_12,"1_5000,803004_5",10,,1652
1653,,1653,英雄进阶（紫+4）,Skill/20000104,将20个英雄进阶至紫色+4,190,8,1652,,1,7,20_12,"1_5000,803004_5",10,,1653
1654,,1654,英雄进阶（紫+4）,Skill/20000104,将21个英雄进阶至紫色+4,189,8,1653,,1,7,21_12,"1_5000,803004_5",10,,1654
1655,,1655,英雄进阶（紫+4）,Skill/20000104,将22个英雄进阶至紫色+4,188,8,1654,,1,7,22_12,"1_5000,803004_5",10,,1655
1656,,1656,英雄进阶（紫+4）,Skill/20000104,将23个英雄进阶至紫色+4,187,8,1655,,1,7,23_12,"1_5000,803004_5",10,,1656
1657,,1657,英雄进阶（紫+4）,Skill/20000104,将24个英雄进阶至紫色+4,186,8,1656,,1,7,24_12,"1_5000,803004_5",10,,1657
1658,,1658,英雄进阶（紫+4）,Skill/20000104,将25个英雄进阶至紫色+4,185,8,1657,,1,7,25_12,"1_5000,803004_5",10,,1658
1659,,1659,英雄进阶（紫+4）,Skill/20000104,将26个英雄进阶至紫色+4,184,8,1658,,1,7,26_12,"1_5000,803004_5",10,,1659
1660,,1660,英雄进阶（紫+4）,Skill/20000104,将27个英雄进阶至紫色+4,183,8,1659,,1,7,27_12,"1_5000,803004_5",10,,1660
1661,,1661,英雄进阶（紫+4）,Skill/20000104,将28个英雄进阶至紫色+4,182,8,1660,,1,7,28_12,"1_5000,803004_5",10,,1661
1662,,1662,英雄进阶（紫+4）,Skill/20000104,将29个英雄进阶至紫色+4,181,8,1661,,1,7,29_12,"1_5000,803004_5",10,,1662
1663,,1663,英雄进阶（紫+4）,Skill/20000104,将30个英雄进阶至紫色+4,180,8,1662,,1,7,30_12,"1_5000,803004_5",10,,1663
1664,,1664,英雄进阶（紫+4）,Skill/20000104,将31个英雄进阶至紫色+4,179,8,1663,,1,7,31_12,"1_5000,803004_5",10,,1664
1665,,1665,英雄进阶（金）,Skill/20400403,将1个英雄进阶至金色,178,13,-1,58,1,7,1_13,"1_5000,803004_6",10,,1665
1666,,1666,英雄进阶（金）,Skill/20400403,将2个英雄进阶至金色,177,13,1665,,1,7,2_13,"1_5000,803004_6",10,,1666
1667,,1667,英雄进阶（金）,Skill/20400403,将3个英雄进阶至金色,176,13,1666,,1,7,3_13,"1_5000,803004_6",10,,1667
1668,,1668,英雄进阶（金）,Skill/20400403,将4个英雄进阶至金色,175,13,1667,,1,7,4_13,"1_5000,803004_6",10,,1668
1669,,1669,英雄进阶（金）,Skill/20400403,将5个英雄进阶至金色,174,13,1668,,1,7,5_13,"1_5000,803004_6",10,,1669
1670,,1670,英雄进阶（金）,Skill/20400403,将6个英雄进阶至金色,173,13,1669,,1,7,6_13,"1_5000,803004_6",10,,1670
1671,,1671,英雄进阶（金）,Skill/20400403,将7个英雄进阶至金色,172,13,1670,,1,7,7_13,"1_5000,803004_6",10,,1671
1672,,1672,英雄进阶（金）,Skill/20400403,将8个英雄进阶至金色,171,13,1671,,1,7,8_13,"1_5000,803004_6",10,,1672
1673,,1673,英雄进阶（金）,Skill/20400403,将9个英雄进阶至金色,170,13,1672,,1,7,9_13,"1_5000,803004_6",10,,1673
1674,,1674,英雄进阶（金）,Skill/20400403,将10个英雄进阶至金色,169,13,1673,,1,7,10_13,"1_5000,803004_6",10,,1674
1675,,1675,英雄进阶（金）,Skill/20400403,将11个英雄进阶至金色,168,13,1674,,1,7,11_13,"1_5000,803004_6",10,,1675
1676,,1676,英雄进阶（金）,Skill/20400403,将12个英雄进阶至金色,167,13,1675,,1,7,12_13,"1_5000,803004_6",10,,1676
1677,,1677,英雄进阶（金）,Skill/20400403,将13个英雄进阶至金色,166,13,1676,,1,7,13_13,"1_5000,803004_6",10,,1677
1678,,1678,英雄进阶（金）,Skill/20400403,将14个英雄进阶至金色,165,13,1677,,1,7,14_13,"1_5000,803004_6",10,,1678
1679,,1679,英雄进阶（金）,Skill/20400403,将15个英雄进阶至金色,164,13,1678,,1,7,15_13,"1_5000,803004_6",10,,1679
1680,,1680,英雄进阶（金）,Skill/20400403,将16个英雄进阶至金色,163,13,1679,,1,7,16_13,"1_5000,803004_6",10,,1680
1681,,1681,英雄进阶（金）,Skill/20400403,将17个英雄进阶至金色,162,13,1680,,1,7,17_13,"1_5000,803004_6",10,,1681
1682,,1682,英雄进阶（金）,Skill/20400403,将18个英雄进阶至金色,161,13,1681,,1,7,18_13,"1_5000,803004_6",10,,1682
1683,,1683,英雄进阶（金）,Skill/20400403,将19个英雄进阶至金色,160,13,1682,,1,7,19_13,"1_5000,803004_6",10,,1683
1684,,1684,英雄进阶（金）,Skill/20400403,将20个英雄进阶至金色,159,13,1683,,1,7,20_13,"1_5000,803004_6",10,,1684
1685,,1685,英雄进阶（金）,Skill/20400403,将21个英雄进阶至金色,158,13,1684,,1,7,21_13,"1_5000,803004_6",10,,1685
1686,,1686,英雄进阶（金）,Skill/20400403,将22个英雄进阶至金色,157,13,1685,,1,7,22_13,"1_5000,803004_6",10,,1686
1687,,1687,英雄进阶（金）,Skill/20400403,将23个英雄进阶至金色,156,13,1686,,1,7,23_13,"1_5000,803004_6",10,,1687
1688,,1688,英雄进阶（金）,Skill/20400403,将24个英雄进阶至金色,155,13,1687,,1,7,24_13,"1_5000,803004_6",10,,1688
1689,,1689,英雄进阶（金）,Skill/20400403,将25个英雄进阶至金色,154,13,1688,,1,7,25_13,"1_5000,803004_6",10,,1689
1690,,1690,英雄进阶（金）,Skill/20400403,将26个英雄进阶至金色,153,13,1689,,1,7,26_13,"1_5000,803004_6",10,,1690
1691,,1691,英雄进阶（金）,Skill/20400403,将27个英雄进阶至金色,152,13,1690,,1,7,27_13,"1_5000,803004_6",10,,1691
1692,,1692,英雄进阶（金）,Skill/20400403,将28个英雄进阶至金色,151,13,1691,,1,7,28_13,"1_5000,803004_6",10,,1692
1693,,1693,英雄进阶（金）,Skill/20400403,将29个英雄进阶至金色,150,13,1692,,1,7,29_13,"1_5000,803004_6",10,,1693
1694,,1694,英雄进阶（金）,Skill/20400403,将30个英雄进阶至金色,149,13,1693,,1,7,30_13,"1_5000,803004_6",10,,1694
1695,,1695,英雄进阶（金）,Skill/20400403,将31个英雄进阶至金色,148,13,1694,,1,7,31_13,"1_5000,803004_6",10,,1695
1696,,1696,升星初成,Item/708001,将2个英雄突破至3星,147,13,-1,15,1,6,2_3,"2_10,1_2500",10,,1696
1697,,1697,升星初成,Item/708001,将3个英雄突破至3星,146,13,1696,,1,6,3_3,"2_10,1_2500",10,,1697
1698,,1698,升星初成,Item/708001,将4个英雄突破至3星,145,13,1697,,1,6,4_3,"2_10,1_2500",10,,1698
1699,,1699,升星初成,Item/708001,将5个英雄突破至3星,144,13,1698,,1,6,5_3,"2_10,1_6000",10,,1699
1700,,1700,升星初成,Item/708001,将6个英雄突破至3星,143,13,1699,,1,6,6_3,"2_10,1_10500",10,,1700
1701,,1701,升星初成,Item/708001,将7个英雄突破至3星,142,13,1700,,1,6,7_3,"2_10,1_10500",10,,1701
1702,,1702,升星初成,Item/708001,将8个英雄突破至3星,141,13,1701,,1,6,8_3,"2_10,1_20000",10,,1702
1703,,1703,升星初成,Item/708001,将9个英雄突破至3星,140,13,1702,,1,6,9_3,"2_10,1_20000",10,,1703
1704,,1704,升星初成,Item/708001,将10个英雄突破至3星,139,13,1703,,1,6,10_3,"2_10,1_20000",10,,1704
1705,,1705,升星初成,Item/708001,将11个英雄突破至3星,138,13,1704,,1,6,11_3,"2_10,1_20000",10,,1705
1706,,1706,升星初成,Item/708001,将12个英雄突破至3星,137,13,1705,,1,6,12_3,"2_10,1_20000",10,,1706
1707,,1707,升星初成,Item/708001,将13个英雄突破至3星,136,13,1706,,1,6,13_3,"2_10,1_20000",10,,1707
1708,,1708,升星初成,Item/708001,将14个英雄突破至3星,135,13,1707,,1,6,14_3,"2_10,1_20000",10,,1708
1709,,1709,升星初成,Item/708001,将15个英雄突破至3星,134,13,1708,,1,6,15_3,"2_10,1_20000",10,,1709
1710,,1710,升星初成,Item/708001,将16个英雄突破至3星,133,13,1709,,1,6,16_3,"2_10,1_20000",10,,1710
1711,,1711,升星初成,Item/708001,将17个英雄突破至3星,132,13,1710,,1,6,17_3,"2_10,1_20000",10,,1711
1712,,1712,升星初成,Item/708001,将18个英雄突破至3星,131,13,1711,,1,6,18_3,"2_10,1_20000",10,,1712
1713,,1713,升星初成,Item/708001,将19个英雄突破至3星,130,13,1712,,1,6,19_3,"2_10,1_20000",10,,1713
1714,,1714,升星初成,Item/708001,将20个英雄突破至3星,129,13,1713,,1,6,20_3,"2_10,1_20000",10,,1714
1715,,1715,升星初成,Item/708001,将21个英雄突破至3星,128,13,1714,,1,6,21_3,"2_10,1_20000",10,,1715
1716,,1716,升星初成,Item/708001,将22个英雄突破至3星,127,13,1715,,1,6,22_3,"2_10,1_20000",10,,1716
1717,,1717,升星初成,Item/708001,将23个英雄突破至3星,126,13,1716,,1,6,23_3,"2_10,1_20000",10,,1717
1718,,1718,升星初成,Item/708001,将24个英雄突破至3星,125,13,1717,,1,6,24_3,"2_10,1_20000",10,,1718
1719,,1719,升星初成,Item/708001,将25个英雄突破至3星,124,13,1718,,1,6,25_3,"2_10,1_20000",10,,1719
1720,,1720,升星初成,Item/708001,将26个英雄突破至3星,123,13,1719,,1,6,26_3,"2_10,1_20000",10,,1720
1721,,1721,升星初成,Item/708001,将27个英雄突破至3星,122,13,1720,,1,6,27_3,"2_10,1_20000",10,,1721
1722,,1722,升星初成,Item/708001,将28个英雄突破至3星,121,13,1721,,1,6,28_3,"2_10,1_20000",10,,1722
1723,,1723,升星初成,Item/708001,将29个英雄突破至3星,120,13,1722,,1,6,29_3,"2_10,1_20000",10,,1723
1724,,1724,升星初成,Item/708001,将30个英雄突破至3星,119,13,1723,,1,6,30_3,"2_10,1_20000",10,,1724
1725,,1725,升星初成,Item/708001,将31个英雄突破至3星,118,13,1724,,1,6,31_3,"2_10,1_20000",10,,1725
1726,,1726,星级提升,Skill/602021,将1个英雄突破至4星,117,13,-1,20,1,6,1_4,"2_20,1_2500",10,,1726
1727,,1727,星级提升,Skill/602021,将2个英雄突破至4星,116,13,1726,,1,6,2_4,"2_20,1_2500",10,,1727
1728,,1728,星级提升,Skill/602021,将3个英雄突破至4星,115,13,1727,,1,6,3_4,"2_20,1_2500",10,,1728
1729,,1729,星级提升,Skill/602021,将4个英雄突破至4星,114,13,1728,,1,6,4_4,"2_20,1_2500",10,,1729
1730,,1730,星级提升,Skill/602021,将5个英雄突破至4星,113,13,1729,,1,6,5_4,"2_20,1_6000",10,,1730
1731,,1731,星级提升,Skill/602021,将6个英雄突破至4星,112,13,1730,,1,6,6_4,"2_20,1_10500",10,,1731
1732,,1732,星级提升,Skill/602021,将7个英雄突破至4星,111,13,1731,,1,6,7_4,"2_20,1_10500",10,,1732
1733,,1733,星级提升,Skill/602021,将8个英雄突破至4星,110,13,1732,,1,6,8_4,"2_20,1_20000",10,,1733
1734,,1734,星级提升,Skill/602021,将9个英雄突破至4星,109,13,1733,,1,6,9_4,"2_20,1_20000",10,,1734
1735,,1735,星级提升,Skill/602021,将10个英雄突破至4星,108,13,1734,,1,6,10_4,"2_20,1_20000",10,,1735
1736,,1736,星级提升,Skill/602021,将11个英雄突破至4星,107,13,1735,,1,6,11_4,"2_20,1_20000",10,,1736
1737,,1737,星级提升,Skill/602021,将12个英雄突破至4星,106,13,1736,,1,6,12_4,"2_20,1_20000",10,,1737
1738,,1738,星级提升,Skill/602021,将13个英雄突破至4星,105,13,1737,,1,6,13_4,"2_20,1_20000",10,,1738
1739,,1739,星级提升,Skill/602021,将14个英雄突破至4星,104,13,1738,,1,6,14_4,"2_20,1_20000",10,,1739
1740,,1740,星级提升,Skill/602021,将15个英雄突破至4星,103,13,1739,,1,6,15_4,"2_20,1_20000",10,,1740
1741,,1741,星级提升,Skill/602021,将16个英雄突破至4星,102,13,1740,,1,6,16_4,"2_20,1_20000",10,,1741
1742,,1742,星级提升,Skill/602021,将17个英雄突破至4星,101,13,1741,,1,6,17_4,"2_20,1_20000",10,,1742
1743,,1743,星级提升,Skill/602021,将18个英雄突破至4星,100,13,1742,,1,6,18_4,"2_20,1_20000",10,,1743
1744,,1744,星级提升,Skill/602021,将19个英雄突破至4星,99,13,1743,,1,6,19_4,"2_20,1_20000",10,,1744
1745,,1745,星级提升,Skill/602021,将20个英雄突破至4星,98,13,1744,,1,6,20_4,"2_20,1_20000",10,,1745
1746,,1746,星级提升,Skill/602021,将21个英雄突破至4星,97,13,1745,,1,6,21_4,"2_20,1_20000",10,,1746
1747,,1747,星级提升,Skill/602021,将22个英雄突破至4星,96,13,1746,,1,6,22_4,"2_20,1_20000",10,,1747
1748,,1748,星级提升,Skill/602021,将23个英雄突破至4星,95,13,1747,,1,6,23_4,"2_20,1_20000",10,,1748
1749,,1749,星级提升,Skill/602021,将24个英雄突破至4星,94,13,1748,,1,6,24_4,"2_20,1_20000",10,,1749
1750,,1750,星级提升,Skill/602021,将25个英雄突破至4星,93,13,1749,,1,6,25_4,"2_20,1_20000",10,,1750
1751,,1751,星级提升,Skill/602021,将26个英雄突破至4星,92,13,1750,,1,6,26_4,"2_20,1_20000",10,,1751
1752,,1752,星级提升,Skill/602021,将27个英雄突破至4星,91,13,1751,,1,6,27_4,"2_20,1_20000",10,,1752
1753,,1753,星级提升,Skill/602021,将28个英雄突破至4星,90,13,1752,,1,6,28_4,"2_20,1_20000",10,,1753
1754,,1754,星级提升,Skill/602021,将29个英雄突破至4星,89,13,1753,,1,6,29_4,"2_20,1_20000",10,,1754
1755,,1755,星级提升,Skill/602021,将30个英雄突破至4星,88,13,1754,,1,6,30_4,"2_20,1_20000",10,,1755
1756,,1756,星级提升,Skill/602021,将31个英雄突破至4星,87,13,1755,,1,6,31_4,"2_20,1_20000",10,,1756
1757,,1757,星级巅峰,Item/800049,将1个英雄突破至5星,86,13,-1,25,1,6,1_5,"2_30,1_2500",10,,1757
1758,,1758,星级巅峰,Item/800049,将2个英雄突破至5星,85,13,1757,,1,6,2_5,"2_30,1_2500",10,,1758
1759,,1759,星级巅峰,Item/800049,将3个英雄突破至5星,84,13,1758,,1,6,3_5,"2_30,1_2500",10,,1759
1760,,1760,星级巅峰,Item/800049,将4个英雄突破至5星,83,13,1759,,1,6,4_5,"2_30,1_2500",10,,1760
1761,,1761,星级巅峰,Item/800049,将5个英雄突破至5星,82,13,1760,,1,6,5_5,"2_30,1_6000",10,,1761
1762,,1762,星级巅峰,Item/800049,将6个英雄突破至5星,81,13,1761,,1,6,6_5,"2_30,1_10500",10,,1762
1763,,1763,星级巅峰,Item/800049,将7个英雄突破至5星,80,13,1762,,1,6,7_5,"2_30,1_10500",10,,1763
1764,,1764,星级巅峰,Item/800049,将8个英雄突破至5星,79,13,1763,,1,6,8_5,"2_30,1_20000",10,,1764
1765,,1765,星级巅峰,Item/800049,将9个英雄突破至5星,78,13,1764,,1,6,9_5,"2_30,1_20000",10,,1765
1766,,1766,星级巅峰,Item/800049,将10个英雄突破至5星,77,13,1765,,1,6,10_5,"2_30,1_20000",10,,1766
1767,,1767,星级巅峰,Item/800049,将11个英雄突破至5星,76,13,1766,,1,6,11_5,"2_30,1_20000",10,,1767
1768,,1768,星级巅峰,Item/800049,将12个英雄突破至5星,75,13,1767,,1,6,12_5,"2_30,1_20000",10,,1768
1769,,1769,星级巅峰,Item/800049,将13个英雄突破至5星,74,13,1768,,1,6,13_5,"2_30,1_20000",10,,1769
1770,,1770,星级巅峰,Item/800049,将14个英雄突破至5星,73,13,1769,,1,6,14_5,"2_30,1_20000",10,,1770
1771,,1771,星级巅峰,Item/800049,将15个英雄突破至5星,72,13,1770,,1,6,15_5,"2_30,1_20000",10,,1771
1772,,1772,星级巅峰,Item/800049,将16个英雄突破至5星,71,13,1771,,1,6,16_5,"2_30,1_20000",10,,1772
1773,,1773,星级巅峰,Item/800049,将17个英雄突破至5星,70,13,1772,,1,6,17_5,"2_30,1_20000",10,,1773
1774,,1774,星级巅峰,Item/800049,将18个英雄突破至5星,69,13,1773,,1,6,18_5,"2_30,1_20000",10,,1774
1775,,1775,星级巅峰,Item/800049,将19个英雄突破至5星,68,13,1774,,1,6,19_5,"2_30,1_20000",10,,1775
1776,,1776,星级巅峰,Item/800049,将20个英雄突破至5星,67,13,1775,,1,6,20_5,"2_30,1_20000",10,,1776
1777,,1777,星级巅峰,Item/800049,将21个英雄突破至5星,66,13,1776,,1,6,21_5,"2_30,1_20000",10,,1777
1778,,1778,星级巅峰,Item/800049,将22个英雄突破至5星,65,13,1777,,1,6,22_5,"2_30,1_20000",10,,1778
1779,,1779,星级巅峰,Item/800049,将23个英雄突破至5星,64,13,1778,,1,6,23_5,"2_30,1_20000",10,,1779
1780,,1780,星级巅峰,Item/800049,将24个英雄突破至5星,63,13,1779,,1,6,24_5,"2_30,1_20000",10,,1780
1781,,1781,星级巅峰,Item/800049,将25个英雄突破至5星,62,13,1780,,1,6,25_5,"2_30,1_20000",10,,1781
1782,,1782,星级巅峰,Item/800049,将26个英雄突破至5星,61,13,1781,,1,6,26_5,"2_30,1_20000",10,,1782
1783,,1783,星级巅峰,Item/800049,将27个英雄突破至5星,60,13,1782,,1,6,27_5,"2_30,1_20000",10,,1783
1784,,1784,星级巅峰,Item/800049,将28个英雄突破至5星,59,13,1783,,1,6,28_5,"2_30,1_20000",10,,1784
1785,,1785,星级巅峰,Item/800049,将29个英雄突破至5星,58,13,1784,,1,6,29_5,"2_30,1_20000",10,,1785
1786,,1786,星级巅峰,Item/800049,将30个英雄突破至5星,57,13,1785,,1,6,30_5,"2_30,1_20000",10,,1786
1787,,1787,星级巅峰,Item/800049,将31个英雄突破至5星,56,13,1786,,1,6,31_5,"2_30,1_20000",10,,1787
1788,,1788,高朋满座,Item/task_haoyou,添加1个好友,55,13,-1,19,1,14,1,1_2000,10,,1788
1789,,1789,高朋满座,Item/task_haoyou,添加5个好友,54,13,1788,,1,14,5,1_4000,10,,1789
1790,,1790,高朋满座,Item/task_haoyou,添加10个好友,53,13,1789,,1,14,10,1_6000,10,,1790
1791,,1791,高朋满座,Item/task_haoyou,添加15个好友,52,13,1790,,1,14,15,1_8000,10,,1791
1792,,1792,高朋满座,Item/task_haoyou,添加20个好友,51,13,1791,,1,14,20,1_10000,10,,1792
1793,,1793,高朋满座,Item/task_haoyou,添加25个好友,50,13,1792,,1,14,25,1_10000,10,,1793
1794,,1794,高朋满座,Item/task_haoyou,添加30个好友,49,13,1793,,1,14,30,1_10000,10,,1794
1795,,1795,封神之路,Item/task_fengshentai,挑战封神台到达第3层,48,13,-1,41,1,15,3,2_10,10,,1795
1796,,1796,封神之路,Item/task_fengshentai,挑战封神台到达第6层,47,13,1795,,1,15,6,2_10,10,,1796
1797,,1797,封神之路,Item/task_fengshentai,挑战封神台到达第9层,46,13,1796,,1,15,9,2_10,10,,1797
1798,,1798,封神之路,Item/task_fengshentai,挑战封神台到达第12层,45,13,1797,,1,15,12,2_10,10,,1798
1799,,1799,封神之路,Item/task_fengshentai,挑战封神台到达第15层,44,13,1798,,1,15,15,2_10,10,,1799
1800,,1800,封神之路,Item/task_fengshentai,挑战封神台到达第18层,43,13,1799,,1,15,18,2_10,10,,1800
1801,,1801,封神之路,Item/task_fengshentai,挑战封神台到达第21层,42,13,1800,,1,15,21,2_10,10,,1801
1802,,1802,封神之路,Item/task_fengshentai,挑战封神台到达第24层,41,13,1801,,1,15,24,2_10,10,,1802
1803,,1803,封神之路,Item/task_fengshentai,挑战封神台到达第27层,40,13,1802,,1,15,27,2_10,10,,1803
1804,,1804,封神之路,Item/task_fengshentai,挑战封神台到达第30层,39,13,1803,,1,15,30,2_10,10,,1804
1805,,1805,封神之路,Item/task_fengshentai,挑战封神台到达第33层,38,13,1804,,1,15,33,2_10,10,,1805
1806,,1806,封神之路,Item/task_fengshentai,挑战封神台到达第36层,37,13,1805,,1,15,36,2_10,10,,1806
1807,,1807,封神之路,Item/task_fengshentai,挑战封神台到达第39层,36,13,1806,,1,15,39,2_10,10,,1807
1808,,1808,封神之路,Item/task_fengshentai,挑战封神台到达第42层,35,13,1807,,1,15,42,2_10,10,,1808
1809,,1809,封神之路,Item/task_fengshentai,挑战封神台到达第45层,34,13,1808,,1,15,45,2_10,10,,1809
1810,,1810,封神之路,Item/task_fengshentai,挑战封神台到达第48层,33,13,1809,,1,15,48,2_10,10,,1810
1811,,1811,封神之路,Item/task_fengshentai,挑战封神台到达第51层,32,13,1810,,1,15,51,2_10,10,,1811
1812,,1812,封神之路,Item/task_fengshentai,挑战封神台到达第54层,31,13,1811,,1,15,54,2_10,10,,1812
1813,,1813,封神之路,Item/task_fengshentai,挑战封神台到达第57层,30,13,1812,,1,15,57,2_10,10,,1813
1814,,1814,封神之路,Item/task_fengshentai,挑战封神台到达第60层,29,13,1813,,1,15,60,2_10,10,,1814
1815,,1815,封神之路,Item/task_fengshentai,挑战封神台到达第63层,28,13,1814,,1,15,63,2_10,10,,1815
1816,,1816,封神之路,Item/task_fengshentai,挑战封神台到达第66层,27,13,1815,,1,15,66,2_10,10,,1816
1817,,1817,封神之路,Item/task_fengshentai,挑战封神台到达第69层,26,13,1816,,1,15,69,2_10,10,,1817
1818,,1818,封神之路,Item/task_fengshentai,挑战封神台到达第72层,25,13,1817,,1,15,72,2_10,10,,1818
1819,,1819,封神之路,Item/task_fengshentai,挑战封神台到达第75层,24,13,1818,,1,15,75,2_10,10,,1819
1820,,1820,封神之路,Item/task_fengshentai,挑战封神台到达第78层,23,13,1819,,1,15,78,2_10,10,,1820
1821,,1821,封神之路,Item/task_fengshentai,挑战封神台到达第81层,22,13,1820,,1,15,81,2_10,10,,1821
1822,,1822,封神之路,Item/task_fengshentai,挑战封神台到达第84层,21,13,1821,,1,15,84,2_10,10,,1822
1823,,1823,封神之路,Item/task_fengshentai,挑战封神台到达第87层,20,13,1822,,1,15,87,2_10,10,,1823
1824,,1824,封神之路,Item/task_fengshentai,挑战封神台到达第90层,19,13,1823,,1,15,90,2_10,10,,1824
1825,,1825,封神之路,Item/task_fengshentai,挑战封神台到达第93层,18,13,1824,,1,15,93,2_10,10,,1825
1826,,1826,封神之路,Item/task_fengshentai,挑战封神台到达第96层,17,13,1825,,1,15,96,2_10,10,,1826
1827,,1827,封神之路,Item/task_fengshentai,挑战封神台到达第99层,16,13,1826,,1,15,99,2_10,10,,1827
1828,,1828,封神之路,Item/task_fengshentai,挑战封神台到达第102层,15,13,1827,,1,15,102,2_10,10,,1828
1829,,1829,封神之路,Item/task_fengshentai,挑战封神台到达第105层,14,13,1828,,1,15,105,2_10,10,,1829
1830,,1830,封神之路,Item/task_fengshentai,挑战封神台到达第108层,13,13,1829,,1,15,108,2_10,10,,1830
1831,,1831,封神之路,Item/task_fengshentai,挑战封神台到达第111层,12,13,1830,,1,15,111,2_10,10,,1831
1832,,1832,封神之路,Item/task_fengshentai,挑战封神台到达第114层,11,13,1831,,1,15,114,2_10,10,,1832
1833,,1833,封神之路,Item/task_fengshentai,挑战封神台到达第117层,10,13,1832,,1,15,117,2_10,10,,1833
1834,,1834,封神之路,Item/task_fengshentai,挑战封神台到达第120层,9,13,1833,,1,15,120,2_10,10,,1834