key,Remarks,id,sortNum,taskType,taskClassify,taskFinishType,finishCondition,taskInitNum,title,taskIcon,description,reward,gotoType,startCondition,maxLevel,vip,maxVip,mapId,BICode
30002,,30002,4,22,3,1,00:00_23:59,0,至尊月卡,Item/icon_RiChang_ZhiZunYueKa,至尊月卡用户登录可领取450钻石，请收下吧~,2:450,0,1_2,99,,15,,322
30001,,30001,3,21,3,1,00:00_23:59,0,普通月卡,Item/icon_RiChang_YueKa,月卡用户登录可领取150钻石，请收下吧~,2:150,0,1_1,99,,15,,321
10002,,10002,2,20,1,1,8:00_11:59,,早餐,Item/icon_RiChang_TiLi,每日8:00_11:59登陆可以领取60点体力,3:60,,0:00_11:59,99,,15,,320
10004,,10004,2,3,1,1,20:00_23:59,,夜宵,Item/icon_RiChang_TiLi,每日20：00-23:59可以领取60体力,3:60,,18:00_23:59,99,,15,,303
10003,,10003,2,2,1,1,18:00_19:59,,晚餐,Item/icon_RiChang_TiLi,每日18:00_19:59登陆可以领取60点体力,3:60,,12:00_19:59,99,,15,,302
10001,,10001,2,1,1,1,12:00_17:59,,午餐,Item/icon_RiChang_TiLi,每日12:00_17:59登陆可以领取60点体力,3:60,,8:00_17:59,99,,15,,301
20195,,20195,1,19,1,1,00:00_23:59,0,登陆奖励,Item/icon_RiChang_DengLu,新的一天开始了，请收下这份礼物吧,4:300;2:10,,00:00_23:59,99,,15,,319
20001,,20001,15,18,1,1,00:00_23:59,,横扫千军,Item/806001,每日扫荡卷领取,806001:20,,00:00_23:59,99,,,,318
20002,,20002,15,18,1,1,00:00_23:59,,横扫千军,Item/806001,每日扫荡卷领取,806001:25,,00:00_23:59,99,1,1,,318
20003,,20003,15,18,1,1,00:00_23:59,,横扫千军,Item/806001,每日扫荡卷领取,806001:30,,00:00_23:59,99,2,2,,318
20004,,20004,15,18,1,1,00:00_23:59,,横扫千军,Item/806001,每日扫荡卷领取,806001:35,,00:00_23:59,99,3,3,,318
20005,,20005,15,18,1,1,00:00_23:59,,横扫千军,Item/806001,每日扫荡卷领取,806001:40,,00:00_23:59,99,4,4,,318
20006,,20006,15,18,1,1,00:00_23:59,,横扫千军,Item/806001,每日扫荡卷领取,806001:45,,00:00_23:59,99,5,5,,318
20007,,20007,15,18,1,1,00:00_23:59,,横扫千军,Item/806001,每日扫荡卷领取,806001:50,,00:00_23:59,99,6,6,,318
20008,,20008,15,18,1,1,00:00_23:59,,横扫千军,Item/806001,每日扫荡卷领取,806001:55,,00:00_23:59,99,7,7,,318
20009,,20009,15,18,1,1,00:00_23:59,,横扫千军,Item/806001,每日扫荡卷领取,806001:60,,00:00_23:59,99,8,8,,318
20010,,20010,15,18,1,1,00:00_23:59,,横扫千军,Item/806001,每日扫荡卷领取,806001:65,,00:00_23:59,99,9,9,,318
20011,,20011,15,18,1,1,00:00_23:59,,横扫千军,Item/806001,每日扫荡卷领取,806001:70,,00:00_23:59,99,10,10,,318
20012,,20012,15,18,1,1,00:00_23:59,,横扫千军,Item/806001,每日扫荡卷领取,806001:75,,00:00_23:59,99,11,11,,318
20013,,20013,15,18,1,1,00:00_23:59,,横扫千军,Item/806001,每日扫荡卷领取,806001:80,,00:00_23:59,99,12,12,,318
20014,,20014,15,18,1,1,00:00_23:59,,横扫千军,Item/806001,每日扫荡卷领取,806001:85,,00:00_23:59,99,13,13,,318
20015,,20015,15,18,1,1,00:00_23:59,,横扫千军,Item/806001,每日扫荡卷领取,806001:90,,00:00_23:59,99,14,14,,318
20016,,20016,15,18,1,1,00:00_23:59,,横扫千军,Item/806001,每日扫荡卷领取,806001:95,,00:00_23:59,99,15,15,,318
20034,,20034,13,17,2,2,2,,炼气山谷,Item/icon_RiChang_11,完成炼气山谷2次,4:200;1:2000,11,26,35,,15,110512,317
20048,,20048,13,17,2,2,2,,炼气山谷,Item/icon_RiChang_11,完成炼气山谷2次,4:200;1:3000,11,36,40,,15,110512,317
20062,,20062,13,17,2,2,2,,炼气山谷,Item/icon_RiChang_11,完成炼气山谷2次,4:200;1:4000,11,41,45,,15,110512,317
20076,,20076,13,17,2,2,2,,炼气山谷,Item/icon_RiChang_11,完成炼气山谷2次,4:200;1:5000,11,46,50,,15,110512,317
20090,,20090,13,17,2,2,2,,炼气山谷,Item/icon_RiChang_11,完成炼气山谷2次,4:200;1:6000,11,51,55,,15,110512,317
20104,,20104,13,17,2,2,2,,炼气山谷,Item/icon_RiChang_11,完成炼气山谷2次,4:200;1:7000,11,56,60,,15,110512,317
20118,,20118,13,17,2,2,2,,炼气山谷,Item/icon_RiChang_11,完成炼气山谷2次,4:200;1:8000,11,61,65,,15,110512,317
20132,,20132,13,17,2,2,2,,炼气山谷,Item/icon_RiChang_11,完成炼气山谷2次,4:200;1:9000,11,66,70,,15,110512,317
20146,,20146,13,17,2,2,2,,炼气山谷,Item/icon_RiChang_11,完成炼气山谷2次,4:200;1:10000,11,71,75,,15,110512,317
20160,,20160,13,17,2,2,2,,炼气山谷,Item/icon_RiChang_11,完成炼气山谷2次,4:200;1:10000,11,76,80,,15,110512,317
20174,,20174,13,17,2,2,2,,炼气山谷,Item/icon_RiChang_11,完成炼气山谷2次,4:200;1:10000,11,81,85,,15,110512,317
20188,,20188,13,17,2,2,2,,炼气山谷,Item/icon_RiChang_11,完成炼气山谷2次,4:200;1:10000,11,86,90,,15,110512,317
20026,,20026,18,16,2,2,300,,消费任务,Item/icon_RiChang_Consume,消费300钻石,4:300;1:5000,,15,25,,15,,316
20040,,20040,18,16,2,2,300,,消费任务,Item/icon_RiChang_Consume,消费300钻石,4:300;1:6000,,26,35,,15,,316
20054,,20054,18,16,2,2,300,,消费任务,Item/icon_RiChang_Consume,消费300钻石,4:300;1:7000,,36,40,,15,,316
20068,,20068,18,16,2,2,300,,消费任务,Item/icon_RiChang_Consume,消费300钻石,4:300;1:8000,,41,45,,15,,316
20082,,20082,18,16,2,2,300,,消费任务,Item/icon_RiChang_Consume,消费300钻石,4:300;1:9000,,46,50,,15,,316
20096,,20096,18,16,2,2,300,,消费任务,Item/icon_RiChang_Consume,消费300钻石,4:300;1:10000,,51,55,,15,,316
20110,,20110,18,16,2,2,300,,消费任务,Item/icon_RiChang_Consume,消费300钻石,4:300;1:10000,,56,60,,15,,316
20124,,20124,18,16,2,2,300,,消费任务,Item/icon_RiChang_Consume,消费300钻石,4:300;1:10000,,61,65,,15,,316
20138,,20138,18,16,2,2,300,,消费任务,Item/icon_RiChang_Consume,消费300钻石,4:300;1:10000,,66,70,,15,,316
20152,,20152,18,16,2,2,300,,消费任务,Item/icon_RiChang_Consume,消费300钻石,4:300;1:10000,,71,75,,15,,316
20166,,20166,18,16,2,2,300,,消费任务,Item/icon_RiChang_Consume,消费300钻石,4:300;1:10000,,76,80,,15,,316
20180,,20180,18,16,2,2,300,,消费任务,Item/icon_RiChang_Consume,消费300钻石,4:300;1:10000,,81,85,,15,,316
20194,,20194,18,16,2,2,300,,消费任务,Item/icon_RiChang_Consume,消费300钻石,4:300;1:10000,,86,90,,15,,316
20025,,20025,7,15,2,2,1,,乾坤幻境,Item/icon_RiChang_DuiZhan,挑战乾坤幻境一次,4:200;1:2000,12,18,25,,15,110410,315
20039,,20039,7,15,2,2,1,,乾坤幻境,Item/icon_RiChang_DuiZhan,挑战乾坤幻境一次,4:200;1:3000,12,26,35,,15,110410,315
20053,,20053,7,15,2,2,1,,乾坤幻境,Item/icon_RiChang_DuiZhan,挑战乾坤幻境一次,4:200;1:4000,12,36,40,,15,110410,315
20067,,20067,7,15,2,2,1,,乾坤幻境,Item/icon_RiChang_DuiZhan,挑战乾坤幻境一次,4:200;1:5000,12,41,45,,15,110410,315
20081,,20081,7,15,2,2,1,,乾坤幻境,Item/icon_RiChang_DuiZhan,挑战乾坤幻境一次,4:200;1:6000,12,46,50,,15,110410,315
20095,,20095,7,15,2,2,1,,乾坤幻境,Item/icon_RiChang_DuiZhan,挑战乾坤幻境一次,4:200;1:7000,12,51,55,,15,110410,315
20109,,20109,7,15,2,2,1,,乾坤幻境,Item/icon_RiChang_DuiZhan,挑战乾坤幻境一次,4:200;1:8000,12,56,60,,15,110410,315
20123,,20123,7,15,2,2,1,,乾坤幻境,Item/icon_RiChang_DuiZhan,挑战乾坤幻境一次,4:200;1:9000,12,61,65,,15,110410,315
20137,,20137,7,15,2,2,1,,乾坤幻境,Item/icon_RiChang_DuiZhan,挑战乾坤幻境一次,4:200;1:10000,12,66,70,,15,110410,315
20151,,20151,7,15,2,2,1,,乾坤幻境,Item/icon_RiChang_DuiZhan,挑战乾坤幻境一次,4:200;1:10000,12,71,75,,15,110410,315
20165,,20165,7,15,2,2,1,,乾坤幻境,Item/icon_RiChang_DuiZhan,挑战乾坤幻境一次,4:200;1:10000,12,76,80,,15,110410,315
20179,,20179,7,15,2,2,1,,乾坤幻境,Item/icon_RiChang_DuiZhan,挑战乾坤幻境一次,4:200;1:10000,12,81,85,,15,110410,315
20193,,20193,7,15,2,2,1,,乾坤幻境,Item/icon_RiChang_DuiZhan,挑战乾坤幻境一次,4:200;1:10000,12,86,90,,15,110410,315
20024,,20024,17,14,2,2,1,,体力购买,Item/icon_RiChang_Buy,购买体力一次,4:200;1:2000,,15,25,,15,,314
20038,,20038,17,14,2,2,1,,体力购买,Item/icon_RiChang_Buy,购买体力一次,4:200;1:4000,,26,35,,15,,314
20052,,20052,17,14,2,2,1,,体力购买,Item/icon_RiChang_Buy,购买体力一次,4:200;1:6000,,36,40,,15,,314
20066,,20066,17,14,2,2,1,,体力购买,Item/icon_RiChang_Buy,购买体力一次,4:200;1:8000,,41,45,,15,,314
20080,,20080,17,14,2,2,1,,体力购买,Item/icon_RiChang_Buy,购买体力一次,4:200;1:10000,,46,50,,15,,314
20094,,20094,17,14,2,2,1,,体力购买,Item/icon_RiChang_Buy,购买体力一次,4:200;1:10000,,51,55,,15,,314
20108,,20108,17,14,2,2,1,,体力购买,Item/icon_RiChang_Buy,购买体力一次,4:200;1:10000,,56,60,,15,,314
20122,,20122,17,14,2,2,1,,体力购买,Item/icon_RiChang_Buy,购买体力一次,4:200;1:10000,,61,65,,15,,314
20136,,20136,17,14,2,2,1,,体力购买,Item/icon_RiChang_Buy,购买体力一次,4:200;1:10000,,66,70,,15,,314
20150,,20150,17,14,2,2,1,,体力购买,Item/icon_RiChang_Buy,购买体力一次,4:200;1:10000,,71,75,,15,,314
20164,,20164,17,14,2,2,1,,体力购买,Item/icon_RiChang_Buy,购买体力一次,4:200;1:10000,,76,80,,15,,314
20178,,20178,17,14,2,2,1,,体力购买,Item/icon_RiChang_Buy,购买体力一次,4:200;1:10000,,81,85,,15,,314
20192,,20192,17,14,2,2,1,,体力购买,Item/icon_RiChang_Buy,购买体力一次,4:200;1:10000,,86,90,,15,,314
10014,,10014,14,13,2,2,1,,万仙阵,Item/icon_RiChang_13,在万仙阵中挑战1次,4:300;1:2000,10,91,99,,15,110606,313
20037,,20037,14,13,2,2,1,,万仙阵,Item/icon_RiChang_13,在万仙阵中挑战1次,4:300;1:5000,10,29,35,,15,110606,313
20051,,20051,14,13,2,2,1,,万仙阵,Item/icon_RiChang_13,在万仙阵中挑战1次,4:300;1:6000,10,36,40,,15,110606,313
20065,,20065,14,13,2,2,1,,万仙阵,Item/icon_RiChang_13,在万仙阵中挑战1次,4:300;1:7000,10,41,45,,15,110606,313
20079,,20079,14,13,2,2,1,,万仙阵,Item/icon_RiChang_13,在万仙阵中挑战1次,4:300;1:8000,10,46,50,,15,110606,313
20093,,20093,14,13,2,2,1,,万仙阵,Item/icon_RiChang_13,在万仙阵中挑战1次,4:300;1:9000,10,51,55,,15,110606,313
20107,,20107,14,13,2,2,1,,万仙阵,Item/icon_RiChang_13,在万仙阵中挑战1次,4:300;1:10000,10,56,60,,15,110606,313
20121,,20121,14,13,2,2,1,,万仙阵,Item/icon_RiChang_13,在万仙阵中挑战1次,4:300;1:10000,10,61,65,,15,110606,313
20135,,20135,14,13,2,2,1,,万仙阵,Item/icon_RiChang_13,在万仙阵中挑战1次,4:300;1:10000,10,66,70,,15,110606,313
20149,,20149,14,13,2,2,1,,万仙阵,Item/icon_RiChang_13,在万仙阵中挑战1次,4:300;1:10000,10,71,75,,15,110606,313
20163,,20163,14,13,2,2,1,,万仙阵,Item/icon_RiChang_13,在万仙阵中挑战1次,4:300;1:10000,10,76,80,,15,110606,313
20177,,20177,14,13,2,2,1,,万仙阵,Item/icon_RiChang_13,在万仙阵中挑战1次,4:300;1:10000,10,81,85,,15,110606,313
20191,,20191,14,13,2,2,1,,万仙阵,Item/icon_RiChang_13,在万仙阵中挑战1次,4:300;1:10000,10,86,90,,15,110606,313
10013,,10013,13,12,2,2,3,,生存炼境,Item/icon_RiChang_12,完成生存炼境3次,4:200;803002:2,9,91,99,,15,110612,312
20036,,20036,9,12,2,2,3,,生存炼境,Item/icon_RiChang_12,完成生存炼境3次,4:200;803002:2,9,32,35,,15,110612,312
20050,,20050,9,12,2,2,3,,生存炼境,Item/icon_RiChang_12,完成生存炼境3次,4:200;803002:2,9,36,40,,15,110612,312
20064,,20064,9,12,2,2,3,,生存炼境,Item/icon_RiChang_12,完成生存炼境3次,4:200;803002:3,9,41,45,,15,110612,312
20078,,20078,9,12,2,2,3,,生存炼境,Item/icon_RiChang_12,完成生存炼境3次,4:200;803003:2,9,46,50,,15,110612,312
20092,,20092,9,12,2,2,3,,生存炼境,Item/icon_RiChang_12,完成生存炼境3次,4:200;803003:3,9,51,55,,15,110612,312
20106,,20106,9,12,2,2,3,,生存炼境,Item/icon_RiChang_12,完成生存炼境3次,4:200;803003:5,9,56,60,,15,110612,312
20120,,20120,9,12,2,2,3,,生存炼境,Item/icon_RiChang_12,完成生存炼境3次,4:200;803003:6,9,61,65,,15,110612,312
20134,,20134,9,12,2,2,3,,生存炼境,Item/icon_RiChang_12,完成生存炼境3次,4:200;803004:2,9,66,70,,15,110612,312
20148,,20148,9,12,2,2,3,,生存炼境,Item/icon_RiChang_12,完成生存炼境3次,4:200;803004:3,9,71,75,,15,110612,312
20162,,20162,9,12,2,2,3,,生存炼境,Item/icon_RiChang_12,完成生存炼境3次,4:200;803004:4,9,76,80,,15,110612,312
20176,,20176,9,12,2,2,3,,生存炼境,Item/icon_RiChang_12,完成生存炼境3次,4:200;803004:6,9,81,85,,15,110612,312
20190,,20190,9,12,2,2,3,,生存炼境,Item/icon_RiChang_12,完成生存炼境3次,4:200;803004:8,9,86,90,,15,110612,312
10012,,10012,12,11,2,2,2,,聚宝之地,Item/icon_RiChang_Gold,完成聚宝之地2次,4:200;803002:2,8,91,99,,15,110510,311
20023,,20023,12,11,2,2,2,,聚宝之地,Item/icon_RiChang_Gold,完成聚宝之地2次,4:200;803002:2,8,24,25,,15,110510,311
20033,,20033,12,11,2,2,2,,聚宝之地,Item/icon_RiChang_Gold,完成聚宝之地2次,4:200;803002:2,8,26,35,,15,110510,311
20047,,20047,12,11,2,2,2,,聚宝之地,Item/icon_RiChang_Gold,完成聚宝之地2次,4:200;803002:2,8,36,40,,15,110510,311
20061,,20061,12,11,2,2,2,,聚宝之地,Item/icon_RiChang_Gold,完成聚宝之地2次,4:200;803002:3,8,41,45,,15,110510,311
20075,,20075,12,11,2,2,2,,聚宝之地,Item/icon_RiChang_Gold,完成聚宝之地2次,4:200;803003:2,8,46,50,,15,110510,311
20089,,20089,12,11,2,2,2,,聚宝之地,Item/icon_RiChang_Gold,完成聚宝之地2次,4:200;803003:3,8,51,55,,15,110510,311
20103,,20103,12,11,2,2,2,,聚宝之地,Item/icon_RiChang_Gold,完成聚宝之地2次,4:200;803003:5,8,56,60,,15,110510,311
20117,,20117,12,11,2,2,2,,聚宝之地,Item/icon_RiChang_Gold,完成聚宝之地2次,4:200;803003:6,8,61,65,,15,110510,311
20131,,20131,12,11,2,2,2,,聚宝之地,Item/icon_RiChang_Gold,完成聚宝之地2次,4:200;803004:2,8,66,70,,15,110510,311
20145,,20145,12,11,2,2,2,,聚宝之地,Item/icon_RiChang_Gold,完成聚宝之地2次,4:200;803004:3,8,71,75,,15,110510,311
20159,,20159,12,11,2,2,2,,聚宝之地,Item/icon_RiChang_Gold,完成聚宝之地2次,4:200;803004:4,8,76,80,,15,110510,311
20173,,20173,12,11,2,2,2,,聚宝之地,Item/icon_RiChang_Gold,完成聚宝之地2次,4:200;803004:6,8,81,85,,15,110510,311
20187,,20187,12,11,2,2,2,,聚宝之地,Item/icon_RiChang_Gold,完成聚宝之地2次,4:200;803004:8,8,86,90,,15,110510,311
10011,,10011,11,10,2,2,5,,竞技之王,Item/icon_RiChang_10,在论道场中完成5次挑战,4:300;1:10000,7,91,99,,15,110404,310
20021,,20021,11,10,2,2,5,,竞技之王,Item/icon_RiChang_10,在论道场中完成5次挑战,4:300;1:5000,7,1,25,,15,110404,310
20031,,20031,11,10,2,2,5,,竞技之王,Item/icon_RiChang_10,在论道场中完成5次挑战,4:300;1:6000,7,26,35,,15,110404,310
20045,,20045,11,10,2,2,5,,竞技之王,Item/icon_RiChang_10,在论道场中完成5次挑战,4:300;1:7000,7,36,40,,15,110404,310
20059,,20059,11,10,2,2,5,,竞技之王,Item/icon_RiChang_10,在论道场中完成5次挑战,4:300;1:8000,7,41,45,,15,110404,310
20073,,20073,11,10,2,2,5,,竞技之王,Item/icon_RiChang_10,在论道场中完成5次挑战,4:300;1:9000,7,46,50,,15,110404,310
20087,,20087,11,10,2,2,5,,竞技之王,Item/icon_RiChang_10,在论道场中完成5次挑战,4:300;1:10000,7,51,55,,15,110404,310
20101,,20101,11,10,2,2,5,,竞技之王,Item/icon_RiChang_10,在论道场中完成5次挑战,4:300;1:10000,7,56,60,,15,110404,310
20115,,20115,11,10,2,2,5,,竞技之王,Item/icon_RiChang_10,在论道场中完成5次挑战,4:300;1:10000,7,61,65,,15,110404,310
20129,,20129,11,10,2,2,5,,竞技之王,Item/icon_RiChang_10,在论道场中完成5次挑战,4:300;1:10000,7,66,70,,15,110404,310
20143,,20143,11,10,2,2,5,,竞技之王,Item/icon_RiChang_10,在论道场中完成5次挑战,4:300;1:10000,7,71,75,,15,110404,310
20157,,20157,11,10,2,2,5,,竞技之王,Item/icon_RiChang_10,在论道场中完成5次挑战,4:300;1:10000,7,76,80,,15,110404,310
20171,,20171,11,10,2,2,5,,竞技之王,Item/icon_RiChang_10,在论道场中完成5次挑战,4:300;1:10000,7,81,85,,15,110404,310
20185,,20185,11,10,2,2,5,,竞技之王,Item/icon_RiChang_10,在论道场中完成5次挑战,4:300;1:10000,7,86,90,,15,110404,310
10010,,10010,10,9,2,2,1,,装备附灵,Item/icon_RiChang_09,将任意英雄装备附灵1次,4:200;804001:1,6,91,99,,15,,309
10009,,10009,9,8,2,2,5,,抽到手软,Item/icon_RiChang_08,在钓鱼台垂钓5次,4:300;704001:1,5,91,99,,15,,308
20018,,20018,15,8,2,2,5,,抽到手软,Item/icon_RiChang_08,在钓鱼台垂钓5次,4:200;704001:1,5,1,25,,15,,308
20028,,20028,15,8,2,2,5,,抽到手软,Item/icon_RiChang_08,在钓鱼台垂钓5次,4:200;704001:1,5,26,35,,15,,308
20042,,20042,15,8,2,2,5,,抽到手软,Item/icon_RiChang_08,在钓鱼台垂钓5次,4:200;704001:1,5,36,40,,15,,308
20056,,20056,15,8,2,2,5,,抽到手软,Item/icon_RiChang_08,在钓鱼台垂钓5次,4:200;704001:1,5,41,45,,15,,308
20070,,20070,15,8,2,2,5,,抽到手软,Item/icon_RiChang_08,在钓鱼台垂钓5次,4:200;704001:1,5,46,50,,15,,308
20084,,20084,15,8,2,2,5,,抽到手软,Item/icon_RiChang_08,在钓鱼台垂钓5次,4:200;704001:1,5,51,55,,15,,308
20098,,20098,15,8,2,2,5,,抽到手软,Item/icon_RiChang_08,在钓鱼台垂钓5次,4:200;704001:1,5,56,60,,15,,308
20112,,20112,15,8,2,2,5,,抽到手软,Item/icon_RiChang_08,在钓鱼台垂钓5次,4:200;704001:1,5,61,65,,15,,308
20126,,20126,15,8,2,2,5,,抽到手软,Item/icon_RiChang_08,在钓鱼台垂钓5次,4:200;704001:1,5,66,70,,15,,308
20140,,20140,15,8,2,2,5,,抽到手软,Item/icon_RiChang_08,在钓鱼台垂钓5次,4:200;704001:1,5,71,75,,15,,308
20154,,20154,15,8,2,2,5,,抽到手软,Item/icon_RiChang_08,在钓鱼台垂钓5次,4:200;704001:1,5,76,80,,15,,308
20168,,20168,15,8,2,2,5,,抽到手软,Item/icon_RiChang_08,在钓鱼台垂钓5次,4:200;704001:1,5,81,85,,15,,308
20182,,20182,15,8,2,2,5,,抽到手软,Item/icon_RiChang_08,在钓鱼台垂钓5次,4:200;704001:1,5,86,90,,15,,308
10008,,10008,8,7,2,2,3,1,技能升级,Item/icon_RiChang_07,升级任意英雄技能3次,4:60;1:10000,4,91,99,,15,,307
20019,,20019,8,7,2,2,3,1,技能升级,Item/icon_RiChang_07,升级任意英雄技能3次,4:60;1:2000,4,15,25,,15,,307
20029,,20029,8,7,2,2,3,,技能升级,Item/icon_RiChang_07,升级任意英雄技能3次,4:60;1:3000,4,26,35,,15,,307
20043,,20043,8,7,2,2,3,,技能升级,Item/icon_RiChang_07,升级任意英雄技能3次,4:60;1:4000,4,36,40,,15,,307
20057,,20057,8,7,2,2,3,,技能升级,Item/icon_RiChang_07,升级任意英雄技能3次,4:60;1:5000,4,41,45,,15,,307
20071,,20071,8,7,2,2,3,,技能升级,Item/icon_RiChang_07,升级任意英雄技能3次,4:60;1:6000,4,46,50,,15,,307
20085,,20085,8,7,2,2,3,,技能升级,Item/icon_RiChang_07,升级任意英雄技能3次,4:60;1:7000,4,51,55,,15,,307
20099,,20099,8,7,2,2,3,,技能升级,Item/icon_RiChang_07,升级任意英雄技能3次,4:60;1:8000,4,56,60,,15,,307
20113,,20113,8,7,2,2,3,,技能升级,Item/icon_RiChang_07,升级任意英雄技能3次,4:60;1:9000,4,61,65,,15,,307
20127,,20127,8,7,2,2,3,,技能升级,Item/icon_RiChang_07,升级任意英雄技能3次,4:60;1:10000,4,66,70,,15,,307
20141,,20141,8,7,2,2,3,,技能升级,Item/icon_RiChang_07,升级任意英雄技能3次,4:60;1:10000,4,71,75,,15,,307
20155,,20155,8,7,2,2,3,,技能升级,Item/icon_RiChang_07,升级任意英雄技能3次,4:60;1:10000,4,76,80,,15,,307
20169,,20169,8,7,2,2,3,,技能升级,Item/icon_RiChang_07,升级任意英雄技能3次,4:60;1:10000,4,81,85,,15,,307
20183,,20183,8,7,2,2,3,,技能升级,Item/icon_RiChang_07,升级任意英雄技能3次,4:60;1:10000,4,86,90,,15,,307
10007,,10007,7,6,2,2,1,,点石成金,Skill/skill_DianJinShou,使用1次点金手,4:100;1:10000,3,91,99,,15,,306
20020,,20020,16,6,2,2,1,,点石成金,Skill/skill_DianJinShou,使用1次点金手,4:100;1:2000,3,7,25,,15,,306
20030,,20030,16,6,2,2,1,,点石成金,Skill/skill_DianJinShou,使用1次点金手,4:100;1:3000,3,26,35,,15,,306
20044,,20044,16,6,2,2,1,,点石成金,Skill/skill_DianJinShou,使用1次点金手,4:100;1:4000,3,36,40,,15,,306
20058,,20058,16,6,2,2,1,,点石成金,Skill/skill_DianJinShou,使用1次点金手,4:100;1:5000,3,41,45,,15,,306
20072,,20072,16,6,2,2,1,,点石成金,Skill/skill_DianJinShou,使用1次点金手,4:100;1:6000,3,46,50,,15,,306
20086,,20086,16,6,2,2,1,,点石成金,Skill/skill_DianJinShou,使用1次点金手,4:100;1:7000,3,51,55,,15,,306
20100,,20100,16,6,2,2,1,,点石成金,Skill/skill_DianJinShou,使用1次点金手,4:100;1:8000,3,56,60,,15,,306
20114,,20114,16,6,2,2,1,,点石成金,Skill/skill_DianJinShou,使用1次点金手,4:100;1:9000,3,61,65,,15,,306
20128,,20128,16,6,2,2,1,,点石成金,Skill/skill_DianJinShou,使用1次点金手,4:100;1:10000,3,66,70,,15,,306
20142,,20142,16,6,2,2,1,,点石成金,Skill/skill_DianJinShou,使用1次点金手,4:100;1:10000,3,71,75,,15,,306
20156,,20156,16,6,2,2,1,,点石成金,Skill/skill_DianJinShou,使用1次点金手,4:100;1:10000,3,76,80,,15,,306
20170,,20170,16,6,2,2,1,,点石成金,Skill/skill_DianJinShou,使用1次点金手,4:100;1:10000,3,81,85,,15,,306
20184,,20184,16,6,2,2,1,,点石成金,Skill/skill_DianJinShou,使用1次点金手,4:100;1:10000,3,86,90,,15,,306
10006,,10006,6,5,2,2,3,,精英副本杀手,Item/icon_RiChang_05,通关任意精英副本3次,4:400;1:10000,2,91,99,,15,110508,305
20022,,20022,6,5,2,2,3,,精英副本杀手,Item/icon_RiChang_05,通关任意精英副本3次,4:400;1:2000,2,22,30,,15,110508,305
20032,,20032,6,5,2,2,3,,精英副本杀手,Item/icon_RiChang_05,通关任意精英副本3次,4:400;1:3000,2,31,35,,15,110508,305
20046,,20046,6,5,2,2,3,,精英副本杀手,Item/icon_RiChang_05,通关任意精英副本3次,4:400;1:4000,2,36,40,,15,110508,305
20060,,20060,6,5,2,2,3,,精英副本杀手,Item/icon_RiChang_05,通关任意精英副本3次,4:400;1:5000,2,41,45,,15,110508,305
20074,,20074,6,5,2,2,3,,精英副本杀手,Item/icon_RiChang_05,通关任意精英副本3次,4:400;1:6000,2,46,50,,15,110508,305
20088,,20088,6,5,2,2,3,,精英副本杀手,Item/icon_RiChang_05,通关任意精英副本3次,4:400;1:7000,2,51,55,,15,110508,305
20102,,20102,6,5,2,2,3,,精英副本杀手,Item/icon_RiChang_05,通关任意精英副本3次,4:400;1:8000,2,56,60,,15,110508,305
20116,,20116,6,5,2,2,3,,精英副本杀手,Item/icon_RiChang_05,通关任意精英副本3次,4:400;1:9000,2,61,65,,15,110508,305
20130,,20130,6,5,2,2,3,,精英副本杀手,Item/icon_RiChang_05,通关任意精英副本3次,4:400;1:10000,2,66,70,,15,110508,305
20144,,20144,6,5,2,2,3,,精英副本杀手,Item/icon_RiChang_05,通关任意精英副本3次,4:400;1:10000,2,71,75,,15,110508,305
20158,,20158,6,5,2,2,3,,精英副本杀手,Item/icon_RiChang_05,通关任意精英副本3次,4:400;1:10000,2,76,80,,15,110508,305
20172,,20172,6,5,2,2,3,,精英副本杀手,Item/icon_RiChang_05,通关任意精英副本3次,4:400;1:10000,2,81,85,,15,110508,305
20186,,20186,6,5,2,2,3,,精英副本杀手,Item/icon_RiChang_05,通关任意精英副本3次,4:400;1:10000,2,86,90,,15,110508,305
10005,,10005,5,4,2,2,10,5,副本杀手,Item/icon_RiChang_04,通关任意普通副本10次,4:400;803002:3,1,91,99,,15,,304
20017,,20017,5,4,2,2,10,5,副本杀手,Item/icon_RiChang_04,通关任意普通副本10次,4:400;803002:2,1,18,25,,15,,304
20027,,20027,5,4,2,2,10,,副本杀手,Item/icon_RiChang_04,通关任意普通副本10次,4:400;803002:2,1,26,35,,15,,304
20041,,20041,5,4,2,2,10,,副本杀手,Item/icon_RiChang_04,通关任意普通副本10次,4:400;803002:2,1,36,40,,15,,304
20055,,20055,5,4,2,2,10,,副本杀手,Item/icon_RiChang_04,通关任意普通副本10次,4:400;803002:3,1,41,45,,15,,304
20069,,20069,5,4,2,2,10,,副本杀手,Item/icon_RiChang_04,通关任意普通副本10次,4:400;803003:2,1,46,50,,15,,304
20083,,20083,5,4,2,2,10,,副本杀手,Item/icon_RiChang_04,通关任意普通副本10次,4:400;803003:3,1,51,55,,15,,304
20097,,20097,5,4,2,2,10,,副本杀手,Item/icon_RiChang_04,通关任意普通副本10次,4:400;803003:5,1,56,60,,15,,304
20111,,20111,5,4,2,2,10,,副本杀手,Item/icon_RiChang_04,通关任意普通副本10次,4:400;803003:6,1,61,65,,15,,304
20125,,20125,5,4,2,2,10,,副本杀手,Item/icon_RiChang_04,通关任意普通副本10次,4:400;803004:2,1,66,70,,15,,304
20139,,20139,5,4,2,2,10,,副本杀手,Item/icon_RiChang_04,通关任意普通副本10次,4:400;803004:3,1,71,75,,15,,304
20153,,20153,5,4,2,2,10,,副本杀手,Item/icon_RiChang_04,通关任意普通副本10次,4:400;803004:4,1,76,80,,15,,304
20167,,20167,5,4,2,2,10,,副本杀手,Item/icon_RiChang_04,通关任意普通副本10次,4:400;803004:6,1,81,85,,15,,304
20181,,20181,5,4,2,2,10,,副本杀手,Item/icon_RiChang_04,通关任意普通副本10次,4:400;803004:8,1,86,90,,15,,304
20196,,20196,19,23,2,2,3,0,帮派捐献,Item/icon_RiChang_14,帮派捐献3次,4:100;803002:2,13,19,25,,15,,323
20197,,20197,19,23,2,2,3,0,帮派捐献,Item/icon_RiChang_14,帮派捐献3次,4:100;803002:2,13,26,35,,15,,323
20198,,20198,19,23,2,2,3,0,帮派捐献,Item/icon_RiChang_14,帮派捐献3次,4:100;803002:2,13,36,40,,15,,323
20199,,20199,19,23,2,2,3,0,帮派捐献,Item/icon_RiChang_14,帮派捐献3次,4:100;803002:3,13,41,45,,15,,323
20200,,20200,19,23,2,2,3,0,帮派捐献,Item/icon_RiChang_14,帮派捐献3次,4:100;803003:2,13,46,50,,15,,323
20201,,20201,19,23,2,2,3,0,帮派捐献,Item/icon_RiChang_14,帮派捐献3次,4:100;803003:3,13,51,55,,15,,323
20202,,20202,19,23,2,2,3,0,帮派捐献,Item/icon_RiChang_14,帮派捐献3次,4:100;803003:5,13,56,60,,15,,323
20203,,20203,19,23,2,2,3,0,帮派捐献,Item/icon_RiChang_14,帮派捐献3次,4:100;803003:6,13,61,65,,15,,323
20204,,20204,19,23,2,2,3,0,帮派捐献,Item/icon_RiChang_14,帮派捐献3次,4:100;803004:2,13,66,70,,15,,323
20205,,20205,19,23,2,2,3,0,帮派捐献,Item/icon_RiChang_14,帮派捐献3次,4:100;803004:3,13,71,75,,15,,323
20206,,20206,19,23,2,2,3,0,帮派捐献,Item/icon_RiChang_14,帮派捐献3次,4:100;803004:4,13,76,80,,15,,323
20207,,20207,19,23,2,2,3,0,帮派捐献,Item/icon_RiChang_14,帮派捐献3次,4:100;803004:6,13,81,85,,15,,323
20208,,20208,19,23,2,2,3,0,帮派捐献,Item/icon_RiChang_14,帮派捐献3次,4:100;803004:8,13,86,90,,15,,323
20209,,20209,20,24,2,2,1,0,宝石合成,Item/icon_RiChang_15,宝石合成1次,4:100;1:2000,14,91,99,,15,110708,324
20210,,20210,20,24,2,2,1,0,宝石合成,Item/icon_RiChang_15,宝石合成1次,4:100;1:5000,14,34,45,,15,110708,324
20211,,20211,20,24,2,2,1,0,宝石合成,Item/icon_RiChang_15,宝石合成1次,4:100;1:6000,14,46,50,,15,110708,324
20212,,20212,20,24,2,2,1,0,宝石合成,Item/icon_RiChang_15,宝石合成1次,4:100;1:7000,14,51,55,,15,110708,324
20213,,20213,20,24,2,2,1,0,宝石合成,Item/icon_RiChang_15,宝石合成1次,4:100;1:8000,14,56,60,,15,110708,324
20214,,20214,20,24,2,2,1,0,宝石合成,Item/icon_RiChang_15,宝石合成1次,4:100;1:9000,14,61,65,,15,110708,324
20215,,20215,20,24,2,2,1,0,宝石合成,Item/icon_RiChang_15,宝石合成1次,4:100;1:10000,14,66,70,,15,110708,324
20216,,20216,20,24,2,2,1,0,宝石合成,Item/icon_RiChang_15,宝石合成1次,4:100;1:10000,14,71,75,,15,110708,324
20217,,20217,20,24,2,2,1,0,宝石合成,Item/icon_RiChang_15,宝石合成1次,4:100;1:10000,14,76,80,,15,110708,324
20218,,20218,20,24,2,2,1,0,宝石合成,Item/icon_RiChang_15,宝石合成1次,4:100;1:10000,14,81,85,,15,110708,324
20219,,20219,20,24,2,2,1,0,宝石合成,Item/icon_RiChang_15,宝石合成1次,4:100;1:10000,14,86,90,,15,110708,324
20220,,20220,21,25,2,2,1,0,挑战封神台,Item/icon_RiChang_16,挑战封神台1次,4:300;1:2000,15,91,99,,15,110708,325
20221,,20221,21,25,2,2,1,0,挑战封神台,Item/icon_RiChang_16,挑战封神台1次,4:300;803002:3,15,34,45,,15,110708,325
20222,,20222,21,25,2,2,1,0,挑战封神台,Item/icon_RiChang_16,挑战封神台1次,4:300;803003:2,15,46,50,,15,110708,325
20223,,20223,21,25,2,2,1,0,挑战封神台,Item/icon_RiChang_16,挑战封神台1次,4:300;803003:3,15,51,55,,15,110708,325
20224,,20224,21,25,2,2,1,0,挑战封神台,Item/icon_RiChang_16,挑战封神台1次,4:300;803003:5,15,56,60,,15,110708,325
20225,,20225,21,25,2,2,1,0,挑战封神台,Item/icon_RiChang_16,挑战封神台1次,4:300;803003:6,15,61,65,,15,110708,325
20226,,20226,21,25,2,2,1,0,挑战封神台,Item/icon_RiChang_16,挑战封神台1次,4:300;803004:2,15,66,70,,15,110708,325
20227,,20227,21,25,2,2,1,0,挑战封神台,Item/icon_RiChang_16,挑战封神台1次,4:300;803004:3,15,71,75,,15,110708,325
20228,,20228,21,25,2,2,1,0,挑战封神台,Item/icon_RiChang_16,挑战封神台1次,4:300;803004:4,15,76,80,,15,110708,325
20229,,20229,21,25,2,2,1,0,挑战封神台,Item/icon_RiChang_16,挑战封神台1次,4:300;803004:6,15,81,85,,15,110708,325
20230,,20230,21,25,2,2,1,0,挑战封神台,Item/icon_RiChang_16,挑战封神台1次,4:300;803004:8,15,86,90,,15,110708,325
20231,,20231,22,26,2,2,1,0,法宝强化,Item/icon_RiChang_17,法宝强化1次,4:100;1:2000,16,18,25,,15,110410,326
20232,,20232,22,26,2,2,1,0,法宝强化,Item/icon_RiChang_17,法宝强化1次,4:100;1:3000,16,26,35,,15,110410,326
20233,,20233,22,26,2,2,1,0,法宝强化,Item/icon_RiChang_17,法宝强化1次,4:100;1:4000,16,36,40,,15,110410,326
20234,,20234,22,26,2,2,1,0,法宝强化,Item/icon_RiChang_17,法宝强化1次,4:100;1:5000,16,41,45,,15,110410,326
20235,,20235,22,26,2,2,1,0,法宝强化,Item/icon_RiChang_17,法宝强化1次,4:100;1:6000,16,46,50,,15,110410,326
20236,,20236,22,26,2,2,1,0,法宝强化,Item/icon_RiChang_17,法宝强化1次,4:100;1:7000,16,51,55,,15,110410,326
20237,,20237,22,26,2,2,1,0,法宝强化,Item/icon_RiChang_17,法宝强化1次,4:100;1:8000,16,56,60,,15,110410,326
20238,,20238,22,26,2,2,1,0,法宝强化,Item/icon_RiChang_17,法宝强化1次,4:100;1:9000,16,61,65,,15,110410,326
20239,,20239,22,26,2,2,1,0,法宝强化,Item/icon_RiChang_17,法宝强化1次,4:100;1:10000,16,66,70,,15,110410,326
20240,,20240,22,26,2,2,1,0,法宝强化,Item/icon_RiChang_17,法宝强化1次,4:100;1:10000,16,71,75,,15,110410,326
20241,,20241,22,26,2,2,1,0,法宝强化,Item/icon_RiChang_17,法宝强化1次,4:100;1:10000,16,76,80,,15,110410,326
20242,,20242,22,26,2,2,1,0,法宝强化,Item/icon_RiChang_17,法宝强化1次,4:100;1:10000,16,81,85,,15,110410,326
20243,,20243,22,26,2,2,1,0,法宝强化,Item/icon_RiChang_17,法宝强化1次,4:100;1:10000,16,86,90,,15,110410,326
20244,,20244,23,27,2,2,10,0,赠送体力,Item/icon_RiChang_18,赠送体力10次,4:100;1:2000,17,17,25,,15,,327
20245,,20245,23,27,2,2,10,0,赠送体力,Item/icon_RiChang_18,赠送体力10次,4:100;1:3000,17,26,35,,15,,327
20246,,20246,23,27,2,2,10,0,赠送体力,Item/icon_RiChang_18,赠送体力10次,4:100;1:4000,17,36,40,,15,,327
20247,,20247,23,27,2,2,10,0,赠送体力,Item/icon_RiChang_18,赠送体力10次,4:100;1:5000,17,41,45,,15,,327
20248,,20248,23,27,2,2,10,0,赠送体力,Item/icon_RiChang_18,赠送体力10次,4:100;1:6000,17,46,50,,15,,327
20249,,20249,23,27,2,2,10,0,赠送体力,Item/icon_RiChang_18,赠送体力10次,4:100;1:7000,17,51,55,,15,,327
20250,,20250,23,27,2,2,10,0,赠送体力,Item/icon_RiChang_18,赠送体力10次,4:100;1:8000,17,56,60,,15,,327
20251,,20251,23,27,2,2,10,0,赠送体力,Item/icon_RiChang_18,赠送体力10次,4:100;1:9000,17,61,65,,15,,327
20252,,20252,23,27,2,2,10,0,赠送体力,Item/icon_RiChang_18,赠送体力10次,4:100;1:10000,17,66,70,,15,,327
20253,,20253,23,27,2,2,10,0,赠送体力,Item/icon_RiChang_18,赠送体力10次,4:100;1:10000,17,71,75,,15,,327
20254,,20254,23,27,2,2,10,0,赠送体力,Item/icon_RiChang_18,赠送体力10次,4:100;1:10000,17,76,80,,15,,327
20255,,20255,23,27,2,2,10,0,赠送体力,Item/icon_RiChang_18,赠送体力10次,4:100;1:10000,17,81,85,,15,,327
20256,,20256,23,27,2,2,10,0,赠送体力,Item/icon_RiChang_18,赠送体力10次,4:100;1:10000,17,86,90,,15,,327
20257,,20257,24,28,2,2,1,0,神器强化,Item/icon_RiChang_19,神器强化1次,4:100;1:2000,18,91,99,,15,110508,328
20258,,20258,24,28,2,2,1,0,神器强化,Item/icon_RiChang_19,神器强化1次,4:100;1:2500,18,22,35,,15,110508,328
20259,,20259,24,28,2,2,1,0,神器强化,Item/icon_RiChang_19,神器强化1次,4:100;1:3000,18,36,40,,15,110508,328
20260,,20260,24,28,2,2,1,0,神器强化,Item/icon_RiChang_19,神器强化1次,4:100;1:3500,18,41,45,,15,110508,328
20261,,20261,24,28,2,2,1,0,神器强化,Item/icon_RiChang_19,神器强化1次,4:100;1:4000,18,46,50,,15,110508,328
20262,,20262,24,28,2,2,1,0,神器强化,Item/icon_RiChang_19,神器强化1次,4:100;1:4500,18,51,55,,15,110508,328
20263,,20263,24,28,2,2,1,0,神器强化,Item/icon_RiChang_19,神器强化1次,4:100;1:5000,18,56,60,,15,110508,328
20264,,20264,24,28,2,2,1,0,神器强化,Item/icon_RiChang_19,神器强化1次,4:100;1:5500,18,61,65,,15,110508,328
20265,,20265,24,28,2,2,1,0,神器强化,Item/icon_RiChang_19,神器强化1次,4:100;1:6000,18,66,70,,15,110508,328
20266,,20266,24,28,2,2,1,0,神器强化,Item/icon_RiChang_19,神器强化1次,4:100;1:6500,18,71,75,,15,110508,328
20267,,20267,24,28,2,2,1,0,神器强化,Item/icon_RiChang_19,神器强化1次,4:100;1:7000,18,76,80,,15,110508,328
20268,,20268,24,28,2,2,1,0,神器强化,Item/icon_RiChang_19,神器强化1次,4:100;1:7500,18,81,85,,15,110508,328
20269,,20269,24,28,2,2,1,0,神器强化,Item/icon_RiChang_19,神器强化1次,4:100;1:8000,18,86,90,,15,110508,328
20270,,20270,25,29,2,2,1,0,神器进化,Item/icon_RiChang_20,神器进化1次,4:100;1:10000,18,91,99,,15,110508,329
20271,,20271,25,29,2,2,1,0,神器进化,Item/icon_RiChang_20,神器进化1次,4:100;1:10000,18,22,35,,15,110508,329
20272,,20272,25,29,2,2,1,0,神器进化,Item/icon_RiChang_20,神器进化1次,4:100;1:10000,18,36,40,,15,110508,329
20273,,20273,25,29,2,2,1,0,神器进化,Item/icon_RiChang_20,神器进化1次,4:100;1:10000,18,41,45,,15,110508,329
20274,,20274,25,29,2,2,1,0,神器进化,Item/icon_RiChang_20,神器进化1次,4:100;1:10000,18,46,50,,15,110508,329
20275,,20275,25,29,2,2,1,0,神器进化,Item/icon_RiChang_20,神器进化1次,4:100;1:10000,18,51,55,,15,110508,329
20276,,20276,25,29,2,2,1,0,神器进化,Item/icon_RiChang_20,神器进化1次,4:100;1:10000,18,56,60,,15,110508,329
20277,,20277,25,29,2,2,1,0,神器进化,Item/icon_RiChang_20,神器进化1次,4:100;1:10000,18,61,65,,15,110508,329
20278,,20278,25,29,2,2,1,0,神器进化,Item/icon_RiChang_20,神器进化1次,4:100;1:10000,18,66,70,,15,110508,329
20279,,20279,25,29,2,2,1,0,神器进化,Item/icon_RiChang_20,神器进化1次,4:100;1:10000,18,71,75,,15,110508,329
20280,,20280,25,29,2,2,1,0,神器进化,Item/icon_RiChang_20,神器进化1次,4:100;1:10000,18,76,80,,15,110508,329
20281,,20281,25,29,2,2,1,0,神器进化,Item/icon_RiChang_20,神器进化1次,4:100;1:10000,18,81,85,,15,110508,329
20282,,20282,25,29,2,2,1,0,神器进化,Item/icon_RiChang_20,神器进化1次,4:100;1:10000,18,86,90,,15,110508,329
20283,,20283,26,30,2,2,1,0,道术修炼,Item/icon_RiChang_21,道术修炼1次,4:100;1:2000,19,91,99,,15,110604,330
20284,,20284,26,30,2,2,1,0,道术修炼,Item/icon_RiChang_21,道术修炼1次,4:100;1:2000,19,28,40,,15,110604,330
20285,,20285,26,30,2,2,1,0,道术修炼,Item/icon_RiChang_21,道术修炼1次,4:100;1:2400,19,41,45,,15,110604,330
20286,,20286,26,30,2,2,1,0,道术修炼,Item/icon_RiChang_21,道术修炼1次,4:100;1:2400,19,46,50,,15,110604,330
20287,,20287,26,30,2,2,1,0,道术修炼,Item/icon_RiChang_21,道术修炼1次,4:100;1:2800,19,51,55,,15,110604,330
20288,,20288,26,30,2,2,1,0,道术修炼,Item/icon_RiChang_21,道术修炼1次,4:100;1:2800,19,56,60,,15,110604,330
20289,,20289,26,30,2,2,1,0,道术修炼,Item/icon_RiChang_21,道术修炼1次,4:100;1:2800,19,61,65,,15,110604,330
20290,,20290,26,30,2,2,1,0,道术修炼,Item/icon_RiChang_21,道术修炼1次,4:100;1:2800,19,66,70,,15,110604,330
20291,,20291,26,30,2,2,1,0,道术修炼,Item/icon_RiChang_21,道术修炼1次,4:100;1:2800,19,71,75,,15,110604,330
20292,,20292,26,30,2,2,1,0,道术修炼,Item/icon_RiChang_21,道术修炼1次,4:100;1:2800,19,76,80,,15,110604,330
20293,,20293,26,30,2,2,1,0,道术修炼,Item/icon_RiChang_21,道术修炼1次,4:100;1:2800,19,81,85,,15,110604,330
20294,,20294,26,30,2,2,1,0,道术修炼,Item/icon_RiChang_21,道术修炼1次,4:100;1:2800,19,86,90,,15,110604,330
20295,,20295,27,31,2,2,2,0,秘境探索,Item/icon_RiChang_22,秘境探索2次,4:100;1:5000,20,25,40,,15,,331
20296,,20296,27,31,2,2,2,0,秘境探索,Item/icon_RiChang_22,秘境探索2次,4:100;1:6000,20,41,42,,15,,331
20297,,20297,27,31,2,2,2,0,秘境探索,Item/icon_RiChang_22,秘境探索2次,4:100;1:7000,20,43,44,,15,,331
20298,,20298,27,31,2,2,2,0,秘境探索,Item/icon_RiChang_22,秘境探索2次,4:100;1:8000,20,45,46,,15,,331
20299,,20299,27,31,2,2,2,0,秘境探索,Item/icon_RiChang_22,秘境探索2次,4:100;1:9000,20,47,50,,15,,331
20300,,20300,27,31,2,2,2,0,秘境探索,Item/icon_RiChang_22,秘境探索2次,4:100;1:10000,20,51,55,,15,,331
20301,,20301,27,31,2,2,2,0,秘境探索,Item/icon_RiChang_22,秘境探索2次,4:100;1:10000,20,56,60,,15,,331
20302,,20302,27,31,2,2,2,0,秘境探索,Item/icon_RiChang_22,秘境探索2次,4:100;1:10000,20,61,65,,15,,331
20303,,20303,27,31,2,2,2,0,秘境探索,Item/icon_RiChang_22,秘境探索2次,4:100;1:10000,20,66,70,,15,,331
20304,,20304,27,31,2,2,2,0,秘境探索,Item/icon_RiChang_22,秘境探索2次,4:100;1:10000,20,71,75,,15,,331
20305,,20305,27,31,2,2,2,0,秘境探索,Item/icon_RiChang_22,秘境探索2次,4:100;1:10000,20,76,80,,15,,331
20306,,20306,27,31,2,2,2,0,秘境探索,Item/icon_RiChang_22,秘境探索2次,4:100;1:10000,20,81,85,,15,,331
20307,,20307,27,31,2,2,2,0,秘境探索,Item/icon_RiChang_22,秘境探索2次,4:100;1:10000,20,86,90,,15,,331
20308,,20308,28,32,2,2,5,0,秘境掠夺,Item/icon_RiChang_23,秘境掠夺5次,4:100;1:5000,20,25,40,,15,,332
20309,,20309,28,32,2,2,5,0,秘境掠夺,Item/icon_RiChang_23,秘境掠夺5次,4:100;1:6000,20,41,42,,15,,332
20310,,20310,28,32,2,2,5,0,秘境掠夺,Item/icon_RiChang_23,秘境掠夺5次,4:100;1:7000,20,43,44,,15,,332
20311,,20311,28,32,2,2,5,0,秘境掠夺,Item/icon_RiChang_23,秘境掠夺5次,4:100;1:8000,20,45,46,,15,,332
20312,,20312,28,32,2,2,5,0,秘境掠夺,Item/icon_RiChang_23,秘境掠夺5次,4:100;1:9000,20,47,50,,15,,332
20313,,20313,28,32,2,2,5,0,秘境掠夺,Item/icon_RiChang_23,秘境掠夺5次,4:100;1:10000,20,51,55,,15,,332
20314,,20314,28,32,2,2,5,0,秘境掠夺,Item/icon_RiChang_23,秘境掠夺5次,4:100;1:10000,20,56,60,,15,,332
20315,,20315,28,32,2,2,5,0,秘境掠夺,Item/icon_RiChang_23,秘境掠夺5次,4:100;1:10000,20,61,65,,15,,332
20316,,20316,28,32,2,2,5,0,秘境掠夺,Item/icon_RiChang_23,秘境掠夺5次,4:100;1:10000,20,66,70,,15,,332
20317,,20317,28,32,2,2,5,0,秘境掠夺,Item/icon_RiChang_23,秘境掠夺5次,4:100;1:10000,20,71,75,,15,,332
20318,,20318,28,32,2,2,5,0,秘境掠夺,Item/icon_RiChang_23,秘境掠夺5次,4:100;1:10000,20,76,80,,15,,332
20319,,20319,28,32,2,2,5,0,秘境掠夺,Item/icon_RiChang_23,秘境掠夺5次,4:100;1:10000,20,81,85,,15,,332
20320,,20320,28,32,2,2,5,0,秘境掠夺,Item/icon_RiChang_23,秘境掠夺5次,4:100;1:10000,20,86,90,,15,,332
20321,,20321,30,33,2,2,5,0,巅峰竞技,Item/icon_RiChang_24,巅峰竞技场挑战5次,4:200;1:10000,21,42,50,,15,110902,333
20322,,20322,30,33,2,2,5,0,巅峰竞技,Item/icon_RiChang_24,巅峰竞技场挑战5次,4:200;1:12000,21,51,55,,15,110902,333
20323,,20323,30,33,2,2,5,0,巅峰竞技,Item/icon_RiChang_24,巅峰竞技场挑战5次,4:200;1:14000,21,56,60,,15,110902,333
20324,,20324,30,33,2,2,5,0,巅峰竞技,Item/icon_RiChang_24,巅峰竞技场挑战5次,4:200;1:16000,21,61,65,,15,110902,333
20325,,20325,30,33,2,2,5,0,巅峰竞技,Item/icon_RiChang_24,巅峰竞技场挑战5次,4:200;1:18000,21,66,70,,15,110902,333
20326,,20326,30,33,2,2,5,0,巅峰竞技,Item/icon_RiChang_24,巅峰竞技场挑战5次,4:200;1:20000,21,71,75,,15,110902,333
20327,,20327,30,33,2,2,5,0,巅峰竞技,Item/icon_RiChang_24,巅峰竞技场挑战5次,4:200;1:20000,21,76,80,,15,110902,333
20328,,20328,30,33,2,2,5,0,巅峰竞技,Item/icon_RiChang_24,巅峰竞技场挑战5次,4:200;1:20000,21,81,85,,15,110902,333
20329,,20329,30,33,2,2,5,0,巅峰竞技,Item/icon_RiChang_24,巅峰竞技场挑战5次,4:200;1:20000,21,86,90,,15,110902,333
20330,,20330,31,34,2,2,2,0,心魔录,Item/icon_RiChang_25,心魔录挑战2次,4:200;2:50,22,20,41,,15,110504,334
20331,,20331,31,34,2,2,2,0,心魔录,Item/icon_RiChang_25,心魔录挑战2次,4:200;2:50,22,42,50,,15,110504,334
20332,,20332,31,34,2,2,2,0,心魔录,Item/icon_RiChang_25,心魔录挑战2次,4:200;2:50,22,51,55,,15,110504,334
20333,,20333,31,34,2,2,2,0,心魔录,Item/icon_RiChang_25,心魔录挑战2次,4:200;2:50,22,56,60,,15,110504,334
20334,,20334,31,34,2,2,2,0,心魔录,Item/icon_RiChang_25,心魔录挑战2次,4:200;2:50,22,61,65,,15,110504,334
20335,,20335,31,34,2,2,2,0,心魔录,Item/icon_RiChang_25,心魔录挑战2次,4:200;2:50,22,66,70,,15,110504,334
20336,,20336,31,34,2,2,2,0,心魔录,Item/icon_RiChang_25,心魔录挑战2次,4:200;2:50,22,71,75,,15,110504,334
20337,,20337,31,34,2,2,2,0,心魔录,Item/icon_RiChang_25,心魔录挑战2次,4:200;2:50,22,76,80,,15,110504,334
20338,,20338,31,34,2,2,2,0,心魔录,Item/icon_RiChang_25,心魔录挑战2次,4:200;2:50,22,81,85,,15,110504,334
20339,,20339,31,34,2,2,2,0,心魔录,Item/icon_RiChang_25,心魔录挑战2次,4:200;2:50,22,86,90,,15,110504,334
20340,,20340,32,35,2,2,10,0,魔神讨伐,Item/icon_RiChang_26,魔神讨伐挑战10次,4:140;1:10000,23,23,41,,15,,335
20341,,20341,32,35,2,2,10,0,魔神讨伐,Item/icon_RiChang_26,魔神讨伐挑战10次,4:140;1:12000,23,42,50,,15,,335
20342,,20342,32,35,2,2,10,0,魔神讨伐,Item/icon_RiChang_26,魔神讨伐挑战10次,4:140;1:14000,23,51,55,,15,,335
20343,,20343,32,35,2,2,10,0,魔神讨伐,Item/icon_RiChang_26,魔神讨伐挑战10次,4:140;1:16000,23,56,60,,15,,335
20344,,20344,32,35,2,2,10,0,魔神讨伐,Item/icon_RiChang_26,魔神讨伐挑战10次,4:140;1:18000,23,61,65,,15,,335
20345,,20345,32,35,2,2,10,0,魔神讨伐,Item/icon_RiChang_26,魔神讨伐挑战10次,4:140;1:20000,23,66,70,,15,,335
20346,,20346,32,35,2,2,10,0,魔神讨伐,Item/icon_RiChang_26,魔神讨伐挑战10次,4:140;1:20000,23,71,75,,15,,335
20347,,20347,32,35,2,2,10,0,魔神讨伐,Item/icon_RiChang_26,魔神讨伐挑战10次,4:140;1:20000,23,76,80,,15,,335
20348,,20348,32,35,2,2,10,0,魔神讨伐,Item/icon_RiChang_26,魔神讨伐挑战10次,4:140;1:20000,23,81,85,,15,,335
20349,,20349,32,35,2,2,10,0,魔神讨伐,Item/icon_RiChang_26,魔神讨伐挑战10次,4:140;1:20000,23,86,90,,15,,335
20350,,20350,34,36,2,2,2,0,帮派副本,Item/icon_RiChang_27,帮派副本挑战2次,4:100;1:5000,13,39,41,,15,,336
20351,,20351,34,36,2,2,2,0,帮派副本,Item/icon_RiChang_27,帮派副本挑战2次,4:100;1:6000,13,42,50,,15,,336
20352,,20352,34,36,2,2,2,0,帮派副本,Item/icon_RiChang_27,帮派副本挑战2次,4:100;1:7000,13,51,55,,15,,336
20353,,20353,34,36,2,2,2,0,帮派副本,Item/icon_RiChang_27,帮派副本挑战2次,4:100;1:8000,13,56,60,,15,,336
20354,,20354,34,36,2,2,2,0,帮派副本,Item/icon_RiChang_27,帮派副本挑战2次,4:100;1:9000,13,61,65,,15,,336
20355,,20355,34,36,2,2,2,0,帮派副本,Item/icon_RiChang_27,帮派副本挑战2次,4:100;1:10000,13,66,70,,15,,336
20356,,20356,34,36,2,2,2,0,帮派副本,Item/icon_RiChang_27,帮派副本挑战2次,4:100;1:10000,13,71,75,,15,,336
20357,,20357,34,36,2,2,2,0,帮派副本,Item/icon_RiChang_27,帮派副本挑战2次,4:100;1:10000,13,76,80,,15,,336
20358,,20358,34,36,2,2,2,0,帮派副本,Item/icon_RiChang_27,帮派副本挑战2次,4:100;1:10000,13,81,85,,15,,336
20359,,20359,34,36,2,2,2,0,帮派副本,Item/icon_RiChang_27,帮派副本挑战2次,4:100;1:10000,13,86,90,,15,,336
20360,,20360,35,9,2,2,1,0,英雄附灵,Item/icon_RiChang_09,英雄附灵1次,4:100;1:5000,6,42,50,,15,110902,337
20361,,20361,35,9,2,2,1,0,英雄附灵,Item/icon_RiChang_09,英雄附灵1次,4:100;1:6000,6,51,55,,15,110902,337
20362,,20362,35,9,2,2,1,0,英雄附灵,Item/icon_RiChang_09,英雄附灵1次,4:100;1:7000,6,56,60,,15,110902,337
20363,,20363,35,9,2,2,1,0,英雄附灵,Item/icon_RiChang_09,英雄附灵1次,4:100;1:8000,6,61,65,,15,110902,337
20364,,20364,35,9,2,2,1,0,英雄附灵,Item/icon_RiChang_09,英雄附灵1次,4:100;1:9000,6,66,70,,15,110902,337
20365,,20365,35,9,2,2,1,0,英雄附灵,Item/icon_RiChang_09,英雄附灵1次,4:100;1:10000,6,71,75,,15,110902,337
20366,,20366,35,9,2,2,1,0,英雄附灵,Item/icon_RiChang_09,英雄附灵1次,4:100;1:10000,6,76,80,,15,110902,337
20367,,20367,35,9,2,2,1,0,英雄附灵,Item/icon_RiChang_09,英雄附灵1次,4:100;1:10000,6,81,85,,15,110902,337
20368,,20368,35,9,2,2,1,0,英雄附灵,Item/icon_RiChang_09,英雄附灵1次,4:100;1:10000,6,86,90,,15,110902,337
20369,,20369,29,37,2,2,20,0,掠夺狂人,Item/icon_RiChang_23,秘境掠夺20次,805001:1;2:100,20,25,40,,15,,338
20370,,20370,29,37,2,2,20,0,掠夺狂人,Item/icon_RiChang_23,秘境掠夺20次,805001:1;2:100,20,41,42,,15,,338
20371,,20371,29,37,2,2,20,0,掠夺狂人,Item/icon_RiChang_23,秘境掠夺20次,805001:1;2:100,20,43,44,,15,,338
20372,,20372,29,37,2,2,20,0,掠夺狂人,Item/icon_RiChang_23,秘境掠夺20次,805001:1;2:100,20,45,46,,15,,338
20373,,20373,29,37,2,2,20,0,掠夺狂人,Item/icon_RiChang_23,秘境掠夺20次,805001:1;2:100,20,47,50,,15,,338
20374,,20374,29,37,2,2,20,0,掠夺狂人,Item/icon_RiChang_23,秘境掠夺20次,805001:1;2:100,20,51,55,,15,,338
20375,,20375,29,37,2,2,20,0,掠夺狂人,Item/icon_RiChang_23,秘境掠夺20次,805001:1;2:100,20,56,60,,15,,338
20376,,20376,29,37,2,2,20,0,掠夺狂人,Item/icon_RiChang_23,秘境掠夺20次,805001:1;2:100,20,61,65,,15,,338
20377,,20377,29,37,2,2,20,0,掠夺狂人,Item/icon_RiChang_23,秘境掠夺20次,805001:1;2:100,20,66,70,,15,,338
20378,,20378,29,37,2,2,20,0,掠夺狂人,Item/icon_RiChang_23,秘境掠夺20次,805001:1;2:100,20,71,75,,15,,338
20379,,20379,29,37,2,2,20,0,掠夺狂人,Item/icon_RiChang_23,秘境掠夺20次,805001:1;2:100,20,76,80,,15,,338
20380,,20380,29,37,2,2,20,0,掠夺狂人,Item/icon_RiChang_23,秘境掠夺20次,805001:1;2:100,20,81,85,,15,,338
20381,,20381,29,37,2,2,20,0,掠夺狂人,Item/icon_RiChang_23,秘境掠夺20次,805001:1;2:100,20,86,90,,15,,338
20382,,20382,33,38,2,2,20,0,讨伐先锋,Item/icon_RiChang_26,魔神讨伐挑战20次,805001:1;2:100,23,23,41,,15,,339
20383,,20383,33,38,2,2,20,0,讨伐先锋,Item/icon_RiChang_26,魔神讨伐挑战20次,805001:1;2:100,23,42,50,,15,,339
20384,,20384,33,38,2,2,20,0,讨伐先锋,Item/icon_RiChang_26,魔神讨伐挑战20次,805001:1;2:100,23,51,55,,15,,339
20385,,20385,33,38,2,2,20,0,讨伐先锋,Item/icon_RiChang_26,魔神讨伐挑战20次,805001:1;2:100,23,56,60,,15,,339
20386,,20386,33,38,2,2,20,0,讨伐先锋,Item/icon_RiChang_26,魔神讨伐挑战20次,805001:1;2:100,23,61,65,,15,,339
20387,,20387,33,38,2,2,20,0,讨伐先锋,Item/icon_RiChang_26,魔神讨伐挑战20次,805001:1;2:100,23,66,70,,15,,339
20388,,20388,33,38,2,2,20,0,讨伐先锋,Item/icon_RiChang_26,魔神讨伐挑战20次,805001:1;2:100,23,71,75,,15,,339
20389,,20389,33,38,2,2,20,0,讨伐先锋,Item/icon_RiChang_26,魔神讨伐挑战20次,805001:1;2:100,23,76,80,,15,,339
20390,,20390,33,38,2,2,20,0,讨伐先锋,Item/icon_RiChang_26,魔神讨伐挑战20次,805001:1;2:100,23,81,85,,15,,339
20391,,20391,33,38,2,2,20,0,讨伐先锋,Item/icon_RiChang_26,魔神讨伐挑战20次,805001:1;2:100,23,86,90,,15,,339
20392,,20392,36,39,2,2,1,0,帮派祈福,Item/icon_RiChang_36,帮派祈福1次,805001:1;2:100,13,23,41,,15,,340
20393,,20393,36,39,2,2,1,0,帮派祈福,Item/icon_RiChang_36,帮派祈福1次,805001:1;2:100,13,42,50,,15,,340
20394,,20394,36,39,2,2,1,0,帮派祈福,Item/icon_RiChang_36,帮派祈福1次,805001:1;2:100,13,51,55,,15,,340
20395,,20395,36,39,2,2,1,0,帮派祈福,Item/icon_RiChang_36,帮派祈福1次,805001:1;2:100,13,56,60,,15,,340
20396,,20396,36,39,2,2,1,0,帮派祈福,Item/icon_RiChang_36,帮派祈福1次,805001:1;2:100,13,61,65,,15,,340
20397,,20397,36,39,2,2,1,0,帮派祈福,Item/icon_RiChang_36,帮派祈福1次,805001:1;2:100,13,66,70,,15,,340
20398,,20398,36,39,2,2,1,0,帮派祈福,Item/icon_RiChang_36,帮派祈福1次,805001:1;2:100,13,71,75,,15,,340
20399,,20399,36,39,2,2,1,0,帮派祈福,Item/icon_RiChang_36,帮派祈福1次,805001:1;2:100,13,76,80,,15,,340
20400,,20400,36,39,2,2,1,0,帮派祈福,Item/icon_RiChang_36,帮派祈福1次,805001:1;2:100,13,81,85,,15,,340
20401,,20401,36,39,2,2,1,0,帮派祈福,Item/icon_RiChang_36,帮派祈福1次,805001:1;2:100,13,86,90,,15,,340
20402,,20402,37,40,2,2,1,0,祈福赠送,Item/icon_RiChang_37,帮派祈福赠送好友碎片一次,805001:1;2:100,13,23,41,,15,,341
20403,,20403,37,40,2,2,1,0,祈福赠送,Item/icon_RiChang_37,帮派祈福赠送好友碎片一次,805001:1;2:100,13,42,50,,15,,341
20404,,20404,37,40,2,2,1,0,祈福赠送,Item/icon_RiChang_37,帮派祈福赠送好友碎片一次,805001:1;2:100,13,51,55,,15,,341
20405,,20405,37,40,2,2,1,0,祈福赠送,Item/icon_RiChang_37,帮派祈福赠送好友碎片一次,805001:1;2:100,13,56,60,,15,,341
20406,,20406,37,40,2,2,1,0,祈福赠送,Item/icon_RiChang_37,帮派祈福赠送好友碎片一次,805001:1;2:100,13,61,65,,15,,341
20407,,20407,37,40,2,2,1,0,祈福赠送,Item/icon_RiChang_37,帮派祈福赠送好友碎片一次,805001:1;2:100,13,66,70,,15,,341
20408,,20408,37,40,2,2,1,0,祈福赠送,Item/icon_RiChang_37,帮派祈福赠送好友碎片一次,805001:1;2:100,13,71,75,,15,,341
20409,,20409,37,40,2,2,1,0,祈福赠送,Item/icon_RiChang_37,帮派祈福赠送好友碎片一次,805001:1;2:100,13,76,80,,15,,341
20410,,20410,37,40,2,2,1,0,祈福赠送,Item/icon_RiChang_37,帮派祈福赠送好友碎片一次,805001:1;2:100,13,81,85,,15,,341
20411,,20411,37,40,2,2,1,0,祈福赠送,Item/icon_RiChang_37,帮派祈福赠送好友碎片一次,805001:1;2:100,13,86,90,,15,,341