Key,Remarks,itemId,levelIds,trial,shop,unlink,gainDesc
708001,,708001,,,,由关卡星级宝箱获得,
704001,,704001,"120703,120805,121001",,0,"钓鱼台（购买初、中级经验丹有几率获得）

心魔录、日常任务",
704002,,704002,"120706,120902,121004",,4,"钓鱼台（购买中级经验丹有几率获得）

心魔录",
704003,,704003,"120802,120904,121006",,7,"钓鱼台（购买中级经验丹有几率获得）

心魔录",
704004,,704004,"120101,120403,120506",,0,"钓鱼台（购买初、中级经验丹有几率获得）

心魔录、任务",
704005,,704005,,,,钓鱼台（购买高级经验丹有几率获得）,
704029,,704029,,,,"钓鱼台（购买高级经验丹有几率获得）

贵族礼包",
704006,,704006,,,,"钓鱼台（购买初、中、高级经验丹有几率获得）

心魔录",
704007,,704007,,,,"钓鱼台（购买初、中、高级经验丹有几率获得）

心魔录",
704999,,704999,,,,,此道具暂不由关卡掉落
704008,,704008,"121201,121301,121401",,,"钓鱼台（购买中、高级经验丹有几率获得）

心魔录",
704009,,704009,"120401,120504,120606",,0,"钓鱼台（购买中、高级经验丹有几率获得）

心魔录",
704010,,704010,"121406,121506,121606",,1,"钓鱼台（购买中、高级经验丹有几率获得）

心魔录",
704011,,704011,"120302,120502,120604",,6,"钓鱼台（购买中、高级经验丹有几率获得）

心魔录",
704012,,704012,,,,钓鱼台（购买高级经验丹有几率获得）,
704013,,704013,"120704,120806,121002",,5,"钓鱼台（购买中、高级经验丹有几率获得）

心魔录",
704014,,704014,"120702,120804,120906",,1,"钓鱼台（购买中、高级经验丹有几率获得）

心魔录",
704015,,704015,"121105,121205,121305",,,"钓鱼台（购买中、高级经验丹有几率获得）

心魔录",
704016,,704016,"120402,120505,120701",,4,"钓鱼台（购买中、高级经验丹有几率获得）

心魔录",
704017,,704017,"121102,121202,121302",,,"钓鱼台（购买中、高级经验丹有几率获得）

心魔录",
704018,,704018,"120303,120503,120605",,6,"钓鱼台（购买中、高级经验丹有几率获得）

心魔录",
704019,,704019,"120301,120501,120603",,0,"钓鱼台（购买初、中级经验丹有几率获得）

心魔录",
704020,,704020,"121405,121505,121605",,3,"钓鱼台（购买中、高级经验丹有几率获得）

心魔录",
704021,,704021,,,,钓鱼台（购买高级经验丹有几率获得）,
704022,,704022,"121403,121503,121603",,,"钓鱼台（购买中、高级经验丹有几率获得）

心魔录",
704023,,704023,,,3,"钓鱼台（购买中级经验丹有几率获得）

天尊锦囊",
704024,,704024,"120705,120901,121003",,5,"钓鱼台（购买中、高级经验丹有几率获得）

心魔录",
704025,,704025,"121103,121203,121303",,,钓鱼台（购买高级经验丹有几率获得）,
704026,,704026,"121404,121504,121604",,,钓鱼台（购买中、高级经验丹有几率获得）,
704027,,704027,"121104,121204,121304",,7,"钓鱼台（购买中、高级经验丹有几率获得）

心魔录",
704028,,704028,,,,钓鱼台（购买高级经验丹有几率获得）,
704030,,704030,"120801,120903,121005",,,,
704031,,704031,,,,"钓鱼台（购买高级经验丹有几率获得）

贵族礼包",
704032,,704032,,,,钓鱼台（购买高级经验丹有几率获得）,
704033,,704033,,,,,
704034,,704034,,,,,
704035,,704035,"121402,121502,121602",,2,钓鱼台（购买中、高级经验丹有几率获得）,
704036,,704036,,,,,
704037,,704037,"121501,121601",,,,
704038,,704038,"120803,120905,121101",,2,钓鱼台（购买高级经验丹有几率获得）,
704039,,704039,"121106,121206,121306",,,钓鱼台（购买高级经验丹有几率获得）,
704040,,704040,"120201,120404,120601",,,"钓鱼台（购买初、中、高级经验丹有几率获得）

心魔录",
704041,,704041,"120202,120405,120602",,,"钓鱼台（购买初、中、高级经验丹有几率获得）

心魔录",
700001,,700001,110102,,,,
700002,,700002,110306,,,,
700003,,700003,,,,,此道具暂不由关卡掉落
700004,,700004,,,,,此道具暂不由关卡掉落
700005,,700005,,,,,此道具暂不由关卡掉落
700006,,700006,,,,,此道具暂不由关卡掉落
700007,,700007,,,,,此道具暂不由关卡掉落
700008,,700008,,,,,此道具暂不由关卡掉落
700009,,700009,,,,,此道具暂不由关卡掉落
700010,,700010,,,,,此道具暂不由关卡掉落
700011,,700011,,,,,此道具暂不由关卡掉落
700012,,700012,,,,,此道具暂不由关卡掉落
700013,,700013,110201,,,,
700014,,700014,110402,,,,
700015,,700015,,,,,此道具暂不由关卡掉落
700016,,700016,,,,,此道具暂不由关卡掉落
700017,,700017,,,,,此道具暂不由关卡掉落
700018,,700018,,,,,此道具暂不由关卡掉落
700019,,700019,,,,,此道具暂不由关卡掉落
700020,,700020,,,,,此道具暂不由关卡掉落
700021,,700021,,,,,此道具暂不由关卡掉落
700022,,700022,,,,,此道具暂不由关卡掉落
700023,,700023,,,,,此道具暂不由关卡掉落
700024,,700024,,,,,此道具暂不由关卡掉落
700025,,700025,110302,,,,
700026,,700026,110404,,,,
700027,,700027,,,,,此道具暂不由关卡掉落
700028,,700028,,,,,此道具暂不由关卡掉落
700029,,700029,,,,,此道具暂不由关卡掉落
700030,,700030,,,,,此道具暂不由关卡掉落
700031,,700031,,,,,此道具暂不由关卡掉落
700032,,700032,,,,,此道具暂不由关卡掉落
700033,,700033,,,,,此道具暂不由关卡掉落
700034,,700034,,,,,此道具暂不由关卡掉落
700035,,700035,,,,,此道具暂不由关卡掉落
700036,,700036,,,,,此道具暂不由关卡掉落
700037,,700037,110203,,,,
700038,,700038,110406,,,,
700039,,700039,,,,,此道具暂不由关卡掉落
700040,,700040,,,,,此道具暂不由关卡掉落
700041,,700041,,,,,此道具暂不由关卡掉落
700042,,700042,,,,,此道具暂不由关卡掉落
700043,,700043,,,,,此道具暂不由关卡掉落
700044,,700044,,,,,此道具暂不由关卡掉落
700045,,700045,,,,,此道具暂不由关卡掉落
700046,,700046,,,,,此道具暂不由关卡掉落
700047,,700047,,,,,此道具暂不由关卡掉落
700048,,700048,,,,,此道具暂不由关卡掉落
700061,,700061,110304,,,,
700062,,700062,110408,,,,
700063,,700063,,,,,此道具暂不由关卡掉落
700064,,700064,,,,,此道具暂不由关卡掉落
700065,,700065,,,,,此道具暂不由关卡掉落
700066,,700066,,,,,此道具暂不由关卡掉落
700067,,700067,,,,,此道具暂不由关卡掉落
700068,,700068,,,,,此道具暂不由关卡掉落
700069,,700069,,,,,此道具暂不由关卡掉落
700070,,700070,,,,,此道具暂不由关卡掉落
700071,,700071,,,,,此道具暂不由关卡掉落
700072,,700072,,,,,此道具暂不由关卡掉落
700073,,700073,110304,,,,
700074,,700074,110408,,,,
700075,,700075,,,,,此道具暂不由关卡掉落
700076,,700076,,,,,此道具暂不由关卡掉落
700077,,700077,,,,,此道具暂不由关卡掉落
700078,,700078,,,,,此道具暂不由关卡掉落
700079,,700079,,,,,此道具暂不由关卡掉落
700080,,700080,,,,,此道具暂不由关卡掉落
700081,,700081,,,,,此道具暂不由关卡掉落
700082,,700082,,,,,此道具暂不由关卡掉落
700083,,700083,,,,,此道具暂不由关卡掉落
700084,,700084,,,,,此道具暂不由关卡掉落
700091,,700091,110102,,,,
700092,,700092,,,,,此道具暂不由关卡掉落
700093,,700093,,,,,此道具暂不由关卡掉落
700094,,700094,,,,,此道具暂不由关卡掉落
700095,,700095,,,,,此道具暂不由关卡掉落
700096,,700096,,,,,此道具暂不由关卡掉落
700097,,700097,,,,,此道具暂不由关卡掉落
700098,,700098,,,,,此道具暂不由关卡掉落
700099,,700099,,,,,此道具暂不由关卡掉落
700100,,700100,110102,,,,
700101,,700101,110306,,,,
700102,,700102,,,,,此道具暂不由关卡掉落
700103,,700103,,,,,此道具暂不由关卡掉落
700104,,700104,,,,,此道具暂不由关卡掉落
700105,,700105,,,,,此道具暂不由关卡掉落
700106,,700106,,,,,此道具暂不由关卡掉落
700107,,700107,,,,,此道具暂不由关卡掉落
700108,,700108,,,,,此道具暂不由关卡掉落
700109,,700109,,,,,此道具暂不由关卡掉落
700110,,700110,,,,,此道具暂不由关卡掉落
700111,,700111,,,,,此道具暂不由关卡掉落
700112,,700112,110201,,,,
700113,,700113,110402,,,,
700114,,700114,,,,,此道具暂不由关卡掉落
700115,,700115,,,,,此道具暂不由关卡掉落
700116,,700116,,,,,此道具暂不由关卡掉落
700117,,700117,,,,,此道具暂不由关卡掉落
700118,,700118,,,,,此道具暂不由关卡掉落
700119,,700119,,,,,此道具暂不由关卡掉落
700120,,700120,,,,,此道具暂不由关卡掉落
700121,,700121,,,,,此道具暂不由关卡掉落
700122,,700122,,,,,此道具暂不由关卡掉落
700123,,700123,,,,,此道具暂不由关卡掉落
700124,,700124,110302,,,,
700125,,700125,110404,,,,
700126,,700126,,,,,此道具暂不由关卡掉落
700127,,700127,,,,,此道具暂不由关卡掉落
700128,,700128,,,,,此道具暂不由关卡掉落
700129,,700129,,,,,此道具暂不由关卡掉落
700130,,700130,,,,,此道具暂不由关卡掉落
700131,,700131,,,,,此道具暂不由关卡掉落
700132,,700132,,,,,此道具暂不由关卡掉落
700133,,700133,,,,,此道具暂不由关卡掉落
700134,,700134,,,,,此道具暂不由关卡掉落
700135,,700135,,,,,此道具暂不由关卡掉落
700136,,700136,110203,,,,
700137,,700137,110406,,,,
700138,,700138,,,,,此道具暂不由关卡掉落
700139,,700139,,,,,此道具暂不由关卡掉落
700140,,700140,,,,,此道具暂不由关卡掉落
700141,,700141,,,,,此道具暂不由关卡掉落
700142,,700142,,,,,此道具暂不由关卡掉落
700143,,700143,,,,,此道具暂不由关卡掉落
700144,,700144,,,,,此道具暂不由关卡掉落
700145,,700145,,,,,此道具暂不由关卡掉落
700146,,700146,,,,,此道具暂不由关卡掉落
700147,,700147,,,,,此道具暂不由关卡掉落
700148,,700148,110201,,,,
700149,,700149,,,,,此道具暂不由关卡掉落
700150,,700150,,,,,此道具暂不由关卡掉落
700151,,700151,,,,,此道具暂不由关卡掉落
700153,,700153,,,,,此道具暂不由关卡掉落
700154,,700154,,,,,此道具暂不由关卡掉落
700155,,700155,,,,,此道具暂不由关卡掉落
700156,,700156,,,,,此道具暂不由关卡掉落
700157,,700157,110203,,,,
700158,,700158,,,,,此道具暂不由关卡掉落
700159,,700159,,,,,此道具暂不由关卡掉落
700160,,700160,,,,,此道具暂不由关卡掉落
700161,,700161,,,,,此道具暂不由关卡掉落
700162,,700162,,,,,此道具暂不由关卡掉落
700164,,700164,,,,,此道具暂不由关卡掉落
700165,,700165,,,,,此道具暂不由关卡掉落
700174,,700174,110302,,,,
700175,,700175,,,,,此道具暂不由关卡掉落
700176,,700176,,,,,此道具暂不由关卡掉落
700177,,700177,,,,,此道具暂不由关卡掉落
700178,,700178,,,,,此道具暂不由关卡掉落
700179,,700179,,,,,此道具暂不由关卡掉落
700193,,700193,,,,,此道具暂不由关卡掉落
700180,,700180,,,,,此道具暂不由关卡掉落
700181,,700181,110304,,,,
700182,,700182,,,,,此道具暂不由关卡掉落
700183,,700183,,,,,此道具暂不由关卡掉落
700185,,700185,,,,,此道具暂不由关卡掉落
700186,,700186,,,,,此道具暂不由关卡掉落
700187,,700187,,,,,此道具暂不由关卡掉落
700188,,700188,,,,,此道具暂不由关卡掉落
700196,,700196,,,,,此道具暂不由关卡掉落
702004,,702004,110504,,,,
702005,,702005,110606,,,,
702006,,702006,110708,,,,
702007,,702007,110808,,,,
702008,,702008,111002,,,,
702009,,702009,111108,,,,
702010,,702010,111206,,,,
702011,,702011,"111408,111510",,,,
702012,,702012,"111612,111712,111812",,,,
702056,,702056,110506,,,,
702017,,702017,110608,,,,
702058,,702058,110710,,,,
702019,,702019,110810,,,,
702020,,702020,111004,,,,
702021,,702021,111110,,,,
702022,,702022,111208,,,,
702023,,702023,"111410,111512",,,,
702024,,702024,"111702,111802,111902",,,,
702052,,702052,110508,,,,
702029,,702029,110610,,,,
702031,,702031,110712,,,,
702030,,702030,110812,,,,
702032,,702032,111006,,,,
702033,,702033,111112,,,,
702034,,702034,"111210,111310",,,,
702035,,702035,"111412,111602",,,,
702036,,702036,"111704,111804,111904",,,,
702041,,702041,110510,,,,
702040,,702040,110612,,,,
702049,,702049,110802,,,,
702043,,702043,110902,,,,
702044,,702044,111008,,,,
702045,,702045,111202,,,,
702046,,702046,"111212,111312",,,,
702047,,702047,"111502,111604",,,,
702048,,702048,"111706,111806,111906",,,,
702065,,702065,110702,,,,
702066,,702066,110804,,,,
702067,,702067,110904,,,,
702068,,702068,111010,,,,
702069,,702069,111204,,,,
702070,,702070,"111302,111402",,,,
702071,,702071,"111504,111606",,,,
702072,,702072,"111708,111808,111908,111912",,,,
702087,,702087,110702,,,,
702078,,702078,110804,,,,
702088,,702088,110904,,,,
702089,,702089,111010,,,,
702081,,702081,111204,,,,
702082,,702082,"111302,111402",,,,
702083,,702083,"111504,111606",,,,
702084,,702084,"111708,111808,111908,111912",,,,
702092,,702092,110410,,,,
702093,,702093,110512,,,,
702094,,702094,"110908,110912",,,,
702095,,702095,"111308,111710,111810,111910",,,,
702096,,702096,110410,,,,
702097,,702097,110512,,,,
702098,,702098,"110908,110912",,,,
702099,,702099,"111308,111710,111810,111910",,,,
702103,,702103,110504,,,,
702104,,702104,110606,,,,
702105,,702105,110708,,,,
702127,,702127,110808,,,,
702107,,702107,111002,,,,
702108,,702108,111108,,,,
702109,,702109,111206,,,,
702110,,702110,"111408,111510",,,,
702111,,702111,"111612,111712,111812",,,,
702141,,702141,110506,,,,
702116,,702116,110608,,,,
702117,,702117,110710,,,,
702118,,702118,110810,,,,
702119,,702119,111004,,,,
702120,,702120,111110,,,,
702121,,702121,111208,,,,
702122,,702122,"111410,111512",,,,
702123,,702123,"111702,111802,111902",,,,
702106,,702106,110508,,,,
702128,,702128,110610,,,,
702129,,702129,110712,,,,
702130,,702130,110812,,,,
702131,,702131,111006,,,,
702132,,702132,111112,,,,
702133,,702133,"111210,111310",,,,
702134,,702134,"111412,111602",,,,
702135,,702135,"111704,111804,111904",,,,
702140,,702140,110510,,,,
702139,,702139,110612,,,,
702115,,702115,110802,,,,
702142,,702142,110902,,,,
702143,,702143,111008,,,,
702144,,702144,111202,,,,
702145,,702145,"111212,111312",,,,
702146,,702146,"111502,111604",,,,
702147,,702147,"111706,111806,111906",,,,
702149,,702149,110502,,,,
702150,,702150,110602,,,,
702153,,702153,110704,4_1_3,,,
702173,,702173,110806,4_2_3,,,
702054,,702054,"111012,111104",4_3_3,,,
702155,,702155,"111304,111404",4_4_3,,,
702156,,702156,"111506,111608",4_5_3,,,
702158,,702158,110502,,,,
702159,,702159,110602,,,,
702170,,702170,110704,4_1_4,,,
702172,,702172,110806,4_2_4,,,
702053,,702053,"111012,111104",4_3_4,,,
702164,,702164,"111304,111404",4_4_4,,,
702165,,702165,"111506,111608",4_5_4,,,
702176,,702176,110604,,,,
702177,,702177,110706,4_1_3,,,
702178,,702178,"110906,110910",4_2_3,,,
702179,,702179,"111102,111106",4_3_3,,,
702193,,702193,,4_4_3,,,
702180,,702180,"111508,111610",4_5_3,,,
702183,,702183,110604,,,,
702185,,702185,110706,4_1_4,,,
702186,,702186,"110906,110910",4_2_4,,,
702187,,702187,"111102,111106",4_3_4,,,
702188,,702188,"111306,111406",4_4_4,,,
702196,,702196,"111508,111610",4_5_4,,,
801001,,801001,,,,挑战乾坤幻境可获得,挑战乾坤幻境可获得
801002,,801002,,,,挑战乾坤幻境可获得,挑战乾坤幻境可获得
801003,,801003,,,,挑战乾坤幻境可获得,挑战乾坤幻境可获得
801004,,801004,,,,挑战乾坤幻境可获得,挑战乾坤幻境可获得
803001,,803001,,2_1_0,,,
803002,,803002,,"2_2_0,2_3_0,2_4_0,2_5_0",,,
803003,,803003,,"2_2_0,2_3_0,2_4_0,2_5_0",,,
803004,,803004,,,,,此道具暂不由关卡掉落
802001,,802001,,,,,云游商人、帮派商人有几率出售
802002,,802002,,,,,"云游商人、帮派商人有几率出售
论道场积分奖励可获得"
802003,,802003,,,,,云游商人、帮派商人有几率出售
802004,,802004,,,,,云游商人、帮派商人有几率出售
804001,,804001,,,5,,此道具暂不由关卡掉落
804002,,804002,,,5,,此道具暂不由关卡掉落
804003,,804003,,,5,,此道具暂不由关卡掉落
806001,,806001,,,,,挑战任意战役关卡掉落
806005,,806005,,,,,"乾坤幻境金币、钻石宝箱
（试炼幻境）"
806006,,806006,,,,,"乾坤幻境金币、钻石宝箱
（征服、飞升幻境）"
806007,,806007,,,,,"乾坤幻境金币、钻石宝箱
（弑神、深渊、天罚幻境）"
806008,,806008,,,,,此道具暂不由关卡掉落
602005,,602005,,,,,此道具暂不由关卡掉落
602008,,602008,,,,,此道具暂不由关卡掉落
602015,,602015,,,,,此道具暂不由关卡掉落
602006,,602006,,,,,此道具暂不由关卡掉落
602009,,602009,,,,,此道具暂不由关卡掉落
602014,,602014,,,,,此道具暂不由关卡掉落
602007,,602007,,,,,此道具暂不由关卡掉落
602011,,602011,,,,,此道具暂不由关卡掉落
602013,,602013,,,,,此道具暂不由关卡掉落
602010,,602010,,,,,此道具暂不由关卡掉落
602012,,602012,,,,,此道具暂不由关卡掉落
602001,,602001,,,,,此道具暂不由关卡掉落
602002,,602002,,,,,此道具暂不由关卡掉落
602017,,602017,,,,,此道具暂不由关卡掉落
602027,,602027,,,,,此道具暂不由关卡掉落
603999,,603999,,,,,此道具暂不由关卡掉落
604005,,604005,,,,,此道具暂不由关卡掉落
604008,,604008,,,,,此道具暂不由关卡掉落
604015,,604015,,,,,此道具暂不由关卡掉落
604006,,604006,,,,,此道具暂不由关卡掉落
604009,,604009,,,,,此道具暂不由关卡掉落
604014,,604014,,,,,此道具暂不由关卡掉落
604007,,604007,,,,,此道具暂不由关卡掉落
604011,,604011,,,,,此道具暂不由关卡掉落
604013,,604013,,,,,此道具暂不由关卡掉落
604010,,604010,,,,,此道具暂不由关卡掉落
604012,,604012,,,,,此道具暂不由关卡掉落
604001,,604001,,,,,此道具暂不由关卡掉落
604002,,604002,,,,,此道具暂不由关卡掉落
604017,,604017,,,,,此道具暂不由关卡掉落
604027,,604027,,,,,此道具暂不由关卡掉落
604999,,604999,,,,,此道具暂不由关卡掉落
602101,,602101,,,,,此道具暂不由关卡掉落
602102,,602102,,,,,此道具暂不由关卡掉落
602103,,602103,,,,,此道具暂不由关卡掉落
602104,,602104,,,,,此道具暂不由关卡掉落
602201,,602201,,,,,此道具暂不由关卡掉落
602202,,602202,,,,,此道具暂不由关卡掉落
602203,,602203,,,,,此道具暂不由关卡掉落
602204,,602204,,,,,此道具暂不由关卡掉落
602105,,602105,,,,,此道具暂不由关卡掉落
602106,,602106,,,,,此道具暂不由关卡掉落
602107,,602107,,,,,此道具暂不由关卡掉落
602108,,602108,,,,,此道具暂不由关卡掉落
602205,,602205,,,,,此道具暂不由关卡掉落
602206,,602206,,,,,此道具暂不由关卡掉落
602207,,602207,,,,,此道具暂不由关卡掉落
602208,,602208,,,,,此道具暂不由关卡掉落
602309,,602309,,,,,此道具暂不由关卡掉落
602310,,602310,,,,,此道具暂不由关卡掉落
602311,,602311,,,,,此道具暂不由关卡掉落
602312,,602312,,,,,此道具暂不由关卡掉落
602313,,602313,,,,,此道具暂不由关卡掉落
602314,,602314,,,,,此道具暂不由关卡掉落
602315,,602315,,,,,此道具暂不由关卡掉落
602316,,602316,,,,,此道具暂不由关卡掉落
602003,,602003,,,,,此道具暂不由关卡掉落
602004,,602004,,,,,此道具暂不由关卡掉落
602016,,602016,,,,,此道具暂不由关卡掉落
605001,,605001,,,,,此道具暂不由关卡掉落
605002,,605002,,,,,此道具暂不由关卡掉落
605003,,605003,,,,,此道具暂不由关卡掉落
605004,,605004,,,,,此道具暂不由关卡掉落
605101,,605101,,,,,此道具暂不由关卡掉落
605102,,605102,,,,,此道具暂不由关卡掉落
605103,,605103,,,,,此道具暂不由关卡掉落
605104,,605104,,,,,此道具暂不由关卡掉落
605005,,605005,,,,,此道具暂不由关卡掉落
605006,,605006,,,,,此道具暂不由关卡掉落
605007,,605007,,,,,此道具暂不由关卡掉落
605008,,605008,,,,,此道具暂不由关卡掉落
605105,,605105,,,,,此道具暂不由关卡掉落
605106,,605106,,,,,此道具暂不由关卡掉落
605107,,605107,,,,,此道具暂不由关卡掉落
605108,,605108,,,,,此道具暂不由关卡掉落
604003,,604003,,,,,此道具暂不由关卡掉落
604004,,604004,,,,,此道具暂不由关卡掉落
604016,,604016,,,,,此道具暂不由关卡掉落
806101,,806101,,,,,此道具暂不由关卡掉落
806102,,806102,,,,,此道具暂不由关卡掉落
806103,,806103,,,,,此道具暂不由关卡掉落
806104,,806104,,,,,此道具暂不由关卡掉落
806105,,806105,,,,,此道具暂不由关卡掉落
806106,,806106,,,,,此道具暂不由关卡掉落
806107,,806107,,,,,此道具暂不由关卡掉落
806108,,806108,,,,,此道具暂不由关卡掉落
806109,,806109,,,,,此道具暂不由关卡掉落
806110,,806110,,,,,此道具暂不由关卡掉落
806111,,806111,,,,,此道具暂不由关卡掉落
806112,,806112,,,,,此道具暂不由关卡掉落
806113,,806113,,,,,此道具暂不由关卡掉落
806114,,806114,,,,,此道具暂不由关卡掉落
806115,,806115,,,,,此道具暂不由关卡掉落
806116,,806116,,,,,此道具暂不由关卡掉落
806117,,806117,,,,,此道具暂不由关卡掉落
806118,,806118,,,,,此道具暂不由关卡掉落
806119,,806119,,,,,此道具暂不由关卡掉落
806142,,806142,,,,,此道具可以通过充值活动获得
806143,,806143,,,,,此道具可以通过充值活动获得
806144,,806144,,,,,此道具可以通过充值活动获得
806145,,806145,,,,,此道具是付费删档测试的返利
806146,,806146,,,,,此道具是付费删档测试的返利
806147,,806147,,,,,此道具是付费删档测试的返利
806148,,806148,,,,,此道具是付费删档测试的返利
806149,,806149,,,,,此道具是付费删档测试的返利
806150,,806150,,,,,此道具是付费删档测试的返利
806151,,806151,,,,,此道具是付费删档测试的返利
806152,,806152,,,,,此道具是付费删档测试的返利
806153,,806153,,,,,此道具是付费删档测试的返利
806154,,806154,,,,,此道具是付费删档测试的返利
806155,,806155,,,,,此道具是付费删档测试的返利
806156,,806156,,,,,此道具是付费删档测试的返利
806157,,806157,,,,,此道具是付费删档测试的返利
806158,,806158,,,,,此道具是付费删档测试的返利
806159,,806159,,,,,此道具是付费删档测试的返利
806201,,806201,,,,,此道具在所有普通和精英关卡中都可以掉落
806202,,806202,,,,,此道具在所有普通和精英关卡中都可以掉落
806203,,806203,,,,,此道具在所有普通和精英关卡中都可以掉落
806301,,806301,,,,,此道具在第六到十一章的普通和精英关卡中掉落
806501,,806501,,,4,,由论道积分奖励与论道商店获得
806502,,806502,,,4,,由论道积分奖励与论道商店获得
806503,,806503,,,4,,由论道积分奖励与论道商店获得
806504,,806504,,,4,,由论道积分奖励与论道商店获得
806505,,806505,,,4,,由论道积分奖励与论道商店获得
806506,,806506,,,7,,由仙阵商店获得
806507,,806507,,,7,,由仙阵商店获得
806508,,806508,,,7,,由仙阵商店获得
806509,,806509,,,7,,由仙阵商店获得
806510,,806510,,,7,,由仙阵商店获得
806511,,806511,"120101,120201,120202",,,,
806512,,806512,"120301,120302,120303",,,,
806513,,806513,"120401,120402,120403",,,,
806514,,806514,"120404,120405,120501",,,,
806515,,806515,"120502,120503,120504,120505",,,,
806516,,806516,"120506,120601,120602,120603,120604",,,,
806517,,806517,"120605,120606,120701,120702,120703",,,,
806518,,806518,"120704,120705,120706,120801,120802,120803",,,,
806519,,806519,"120804,120805,120806,120901,120902,120903",,,,
806520,,806520,"120904,120905,120906,121001,121002,121003,121004,121005,121006",,,,
806521,,806521,"121101,121102,121103,121104,121105,121106,121201,121202,121203,121204,121205,121206",,,,
806522,,806522,"121301,121302,121303,121304,121305,121306,121401,121402,121403,121404,121405,121406",,,,
806523,,806523,"121501,121502,121503,121504,121505,121506,121601,121602,121603,121604,121605,121606",,,,
806524,,806524,,,,,此道具暂不由关卡掉落
806525,,806525,,,,,此道具暂不由关卡掉落
806526,,806526,,,,,此道具暂不由关卡掉落
806527,,806527,,,,,此道具暂不由关卡掉落
806528,,806528,,,,,此道具暂不由关卡掉落
806551,,806551,,,4,可从魔神讨伐获取,由论道商店获得
806552,,806552,,,7,可从魔神讨伐获取,由仙阵商店获得
806553,,806553,,,8,,由觉醒商店获得
806554,,806554,,,,,由觉醒商店获得
806555,,806555,,,,,由觉醒商店获得
806556,,806556,,,,,由觉醒商店获得
806557,,806557,,,,,由觉醒商店获得
806558,,806558,,,,,由觉醒商店获得
806559,,806559,,,,,由觉醒商店获得
806560,,806560,,,,,由觉醒商店获得
806561,,806561,,,,,由觉醒商店获得
806562,,806562,,,,,由觉醒商店获得
806563,,806563,,,,,由觉醒商店获得
806564,,806564,,,,,由觉醒商店获得
806565,,806565,,,,,由觉醒商店获得
806566,,806566,,,,,由觉醒商店获得
806567,,806567,,,,,由觉醒商店获得
806568,,806568,,,,,由觉醒商店获得
806569,,806569,,,,,由觉醒商店获得
806570,,806570,,,,,由觉醒商店获得
806571,,806571,,,,,由觉醒商店获得
806572,,806572,,,,,由觉醒商店获得
806573,,806573,,,,,由觉醒商店获得
806574,,806574,,,,,由觉醒商店获得
806575,,806575,,,,,由觉醒商店获得
806576,,806576,,,,,由觉醒商店获得
806577,,806577,,,,,由觉醒商店获得
806578,,806578,,,,,由觉醒商店获得
806579,,806579,,,,,由觉醒商店获得
806580,,806580,,,,,由觉醒商店获得
806581,,806581,,,,,由觉醒商店获得
806582,,806582,,,,,由觉醒商店获得
806583,,806583,,,,,由觉醒商店获得
806584,,806584,,,,,由觉醒商店获得
806585,,806585,,,,,由觉醒商店获得
806586,,806586,,,,,由觉醒商店获得
806587,,806587,,,,,由觉醒商店获得
603001,,603001,,,,可从乾坤幻境玩法获取,"幻境商店有几率出售
乾坤幻境积分奖励"
603002,,603002,,,,可从乾坤幻境玩法获取,"幻境商店有几率出售
乾坤幻境积分奖励"
603011,,603011,,,,可从乾坤幻境玩法获取,"幻境商店有几率出售
乾坤幻境积分奖励"
603012,,603012,,,,可从乾坤幻境玩法获取,"幻境商店有几率出售
乾坤幻境积分奖励"
603021,,603021,,,,可从乾坤幻境玩法获取,"幻境商店有几率出售
乾坤幻境积分奖励"
603022,,603022,,,,可从乾坤幻境玩法获取,"幻境商店有几率出售
乾坤幻境积分奖励"
603023,,603023,,,,可从乾坤幻境玩法获取,"幻境商店有几率出售
乾坤幻境积分奖励"
603031,,603031,,,,可从乾坤幻境玩法获取,"幻境商店有几率出售
乾坤幻境积分奖励"
603101,,603101,,,,可从乾坤幻境玩法获取,"幻境商店有几率出售
乾坤幻境积分奖励"
603102,,603102,,,,可从乾坤幻境玩法获取,"幻境商店有几率出售
乾坤幻境积分奖励"
603111,,603111,,,,可从乾坤幻境玩法获取,"幻境商店有几率出售
乾坤幻境积分奖励"
603112,,603112,,,,可从乾坤幻境玩法获取,"幻境商店有几率出售
乾坤幻境积分奖励"
603121,,603121,,,,可从乾坤幻境玩法获取,"幻境商店有几率出售
乾坤幻境积分奖励"
603122,,603122,,,,可从乾坤幻境玩法获取,"幻境商店有几率出售
乾坤幻境积分奖励"
603123,,603123,,,,可从乾坤幻境玩法获取,"幻境商店有几率出售
乾坤幻境积分奖励"
603131,,603131,,,,可从乾坤幻境玩法获取,"幻境商店有几率出售
乾坤幻境积分奖励"
603201,,603201,,,,,活动、赛事等奖励
603202,,603202,,,,,活动、赛事等奖励
603211,,603211,,,,,活动、赛事等奖励
603212,,603212,,,,,活动、赛事等奖励
603221,,603221,,,,,活动、赛事等奖励
603222,,603222,,,,,活动、赛事等奖励
603223,,603223,,,,,活动、赛事等奖励
603231,,603231,,,,,活动、赛事等奖励
603301,,603301,,,,,活动、赛事等奖励
603302,,603302,,,,,活动、赛事等奖励
603311,,603311,,,,,活动、赛事等奖励
603312,,603312,,,,,活动、赛事等奖励
603321,,603321,,,,,活动、赛事等奖励
603322,,603322,,,,,活动、赛事等奖励
603323,,603323,,,,,活动、赛事等奖励
603331,,603331,,,,,活动、赛事等奖励
603401,,603401,,,,,"乾坤幻境钻石宝箱有几率开出
贵族4、6赠送"
603402,,603402,,,,,"乾坤幻境钻石宝箱有几率开出
贵族4、6赠送"
603411,,603411,,,,,"乾坤幻境钻石宝箱有几率开出
贵族4、6赠送"
603412,,603412,,,,,"乾坤幻境钻石宝箱有几率开出
贵族4、6赠送"
603421,,603421,,,,,"乾坤幻境钻石宝箱有几率开出
贵族4、6赠送"
603422,,603422,,,,,"乾坤幻境钻石宝箱有几率开出
贵族4、6赠送"
603423,,603423,,,,,"乾坤幻境钻石宝箱有几率开出
贵族4、6赠送"
603431,,603431,,,,,"乾坤幻境钻石宝箱有几率开出
贵族4、6赠送"
603501,,603501,,,,,"乾坤幻境钻石宝箱有几率开出
贵族4、6赠送"
603502,,603502,,,,,"乾坤幻境钻石宝箱有几率开出
贵族4、6赠送"
603511,,603511,,,,,"乾坤幻境钻石宝箱有几率开出
贵族4、6赠送"
603512,,603512,,,,,"乾坤幻境钻石宝箱有几率开出
贵族4、6赠送"
603521,,603521,,,,,"乾坤幻境钻石宝箱有几率开出
贵族4、6赠送"
603522,,603522,,,,,"乾坤幻境钻石宝箱有几率开出
贵族4、6赠送"
603523,,603523,,,,,"乾坤幻境钻石宝箱有几率开出
贵族4、6赠送"
603531,,603531,,,,,"乾坤幻境钻石宝箱有几率开出
贵族4、6赠送"
603601,,603601,,,,,"乾坤幻境积分奖励
幻境商店
乾坤幻境金币宝箱"
603701,,603701,,,,,"乾坤幻境积分奖励
幻境商店
乾坤幻境金币宝箱"
603801,,603801,,,,,"乾坤幻境积分奖励
幻境商店
乾坤幻境金币宝箱"
604901,,604901,,,,,"幻境商店有几率出售
乾坤幻境积分奖励"
604902,,604902,,,,,"幻境商店有几率出售
乾坤幻境积分奖励"
604903,,604903,,,,,"幻境商店有几率出售
乾坤幻境积分奖励"
604904,,604904,,,,,"幻境商店有几率出售
乾坤幻境积分奖励"
604905,,604905,,,,,"幻境商店有几率出售
乾坤幻境积分奖励"
604906,,604906,,,,,"幻境商店有几率出售
乾坤幻境积分奖励"
604907,,604907,,,,,"幻境商店有几率出售
乾坤幻境积分奖励"
604908,,604908,,,,,"幻境商店有几率出售
乾坤幻境积分奖励"
604909,,604909,,,,,活动、赛事等奖励
604910,,604910,,,,,活动、赛事等奖励
604911,,604911,,,,,活动、赛事等奖励
604912,,604912,,,,,活动、赛事等奖励
604913,,604913,,,,,活动、赛事等奖励
604914,,604914,,,,,活动、赛事等奖励
604915,,604915,,,,,活动、赛事等奖励
604916,,604916,,,,,活动、赛事等奖励
604917,,604917,,,,,"乾坤幻境钻石宝箱有几率开出
贵族4、6赠送"
604918,,604918,,,,,"乾坤幻境钻石宝箱有几率开出
贵族4、6赠送"
604919,,604919,,,,,"乾坤幻境钻石宝箱有几率开出
贵族4、6赠送"
604920,,604920,,,,,"乾坤幻境钻石宝箱有几率开出
贵族4、6赠送"
604921,,604921,,,,,"乾坤幻境钻石宝箱有几率开出
贵族4、6赠送"
604922,,604922,,,,,"乾坤幻境钻石宝箱有几率开出
贵族4、6赠送"
604923,,604923,,,,,"乾坤幻境钻石宝箱有几率开出
贵族4、6赠送"
604924,,604924,,,,,"乾坤幻境钻石宝箱有几率开出
贵族4、6赠送"
604925,,604925,,,,,"乾坤幻境积分奖励
幻境商店
乾坤幻境金币宝箱"
604926,,604926,,,,,"乾坤幻境积分奖励
幻境商店
乾坤幻境金币宝箱"
604927,,604927,,,,,"乾坤幻境积分奖励
幻境商店
乾坤幻境金币宝箱"
806354,,806354,,,,,此道具暂不由关卡掉落
801011,,801011,,,,,活动、赛事等奖励
801012,,801012,,,,,活动、赛事等奖励
801013,,801013,,,,,活动、赛事等奖励
806355,,806355,,,,,可由每日充值活动获得
806356,,806356,,,,,可由每日充值活动获得
806357,,806357,,,,,可由每日充值活动获得
802995,,802995,,,,,付费测试竞技场第一名可获得
806901,,806901,,,,,由觉醒商店获得
806902,,806902,,,,,由觉醒商店获得
806903,,806903,,,,,由觉醒商店获得
806904,,806904,,,,,由觉醒商店获得
806905,,806905,,,,,由觉醒商店获得
806906,,806906,,,,,由觉醒商店获得
806907,,806907,,,,,由觉醒商店获得
806908,,806908,,,,,由觉醒商店获得
806909,,806909,,,,,由觉醒商店获得
806910,,806910,,,,,由觉醒商店获得
806911,,806911,,,,,由觉醒商店获得
806912,,806912,,,,,由觉醒商店获得
806913,,806913,,,,,由觉醒商店获得
806914,,806914,,,,,由觉醒商店获得
806915,,806915,,,,,由觉醒商店获得
806916,,806916,,,,,由觉醒商店获得
806917,,806917,,,,,由觉醒商店获得
806918,,806918,,,,,由觉醒商店获得
806919,,806919,,,,,由觉醒商店获得
806920,,806920,,,,,由觉醒商店获得
806921,,806921,,,,,由觉醒商店获得
806922,,806922,,,,,由觉醒商店获得
806923,,806923,,,,,由觉醒商店获得
806924,,806924,,,,,由觉醒商店获得
806925,,806925,,,,,由觉醒商店获得
806926,,806926,,,,,由觉醒商店获得
806927,,806927,,,,,由觉醒商店获得
806928,,806928,,,,,由觉醒商店获得